external_gene_name	log2FoldChange	pvalue
PABPC1	24.74929779757277	1.7156049959710372e-16
ARHGEF12	24.638240217041016	2.336288893077546e-16
ACTN1	24.536644584818443	3.0882378757228423e-16
SET	23.511982751000257	4.969705711531687e-15
ZNF219	23.433001020790737	6.12199679987232e-15
TP53BP1	23.279097278884993	9.19579917683071e-15
DMXL2	23.13200969208707	1.3526128795254336e-14
CYLD	23.12442289500057	1.3797104243563518e-14
UNC13D	23.04407623984028	1.701655531204075e-14
EEIG2	22.938586308155553	2.238985331767746e-14
NUMA1	22.811611085914826	3.1101721738476675e-14
TSC2	22.741502170507815	3.726783454885408e-14
IL11RA	22.352020984920493	1.0082933503727707e-13
DPAGT1	22.308508202639317	1.125765976809366e-13
PGM2	22.27170169801523	1.2356659936011517e-13
NOP14	22.020305794857357	1.9783416167401882e-13
CLP1	21.887885840394276	2.3843099533896584e-13
DMTN	21.83266282909669	3.388184849355374e-13
ABCC5	21.77642391446209	2.4479949061699536e-13
ANP32E	21.760862806386573	2.437494261909396e-13
FAM120B	21.650793234963036	3.9293700982599486e-13
RAB40C	21.52428060481654	4.744939168277003e-13
PDCD4	21.521416348882482	7.433071146749399e-13
NDUFA3	21.439048971810664	9.79803812339891e-13
PSMD2	10.506368165752576	3.8296228089270535e-4
CTSB	10.454965980360658	6.466797461647972e-11
ENST00000487182	9.417833154705924	1.0730392017235493e-9
HEATR1	9.344654015540177	1.0418861740145062e-6
NEO1	9.15863497763824	0.002296104877401002
CLDND1	9.004045883367096	7.253793578288429e-6
INHA	8.875803819027182	2.307419882527149e-16
NONHSAT188617.1	8.822082803514954	0.0016130662687688089
THOC6	8.692321333044493	0.003808350357846342
AKAP8L	8.496164876012529	2.4516005284545784e-8
RIPOR1	8.367202988283191	0.005349479304261716
WBP1	8.3140462971413	0.005649308663437984
QARS1	8.169573610751069	0.0065423683206376985
SEPHS1	7.986713374743197	3.6041084389422806e-7
OXA1L	7.884281176639468	0.00868771567736595
TGFB2	7.839196964779468	3.791524597216549e-5
CDK11B	7.828338583795978	0.008997694235448437
SLC13A3	7.60032166915427	2.5037984685504943e-5
RRBP1	7.522919733254566	1.6361365496916414e-4
PRDM10	7.518934672858287	0.0012004838698930693
TP53BP1	7.498743144625479	0.0012979266728619706
NOLC1	7.382440507866508	1.5195314751907828e-8
INTS8	7.380599303840989	2.488014537402435e-4
PRPSAP2	7.327793247254503	0.0014937753923843307
DCTN1	7.291051811020357	5.345788325304095e-4
NUP88	7.166848994142812	0.01594871613586796
MAFF	7.136053805431113	0.013952342263440666
SEPTIN8	7.102840039912794	8.375059188092007e-5
NONHSAT015082.2	7.079284116877888	0.0022333539310690834
TIPARP	6.996359936186807	8.363950707679854e-7
TARDBP	6.980915052043873	2.9881362676677546e-4
GAS2L1	6.97452924225055	3.7888593016372914e-6
CMKLR2	6.96421602379307	4.726955060639396e-4
UBE4A	6.962015638887495	5.394304832605791e-7
PSMD1	6.955835395284045	0.018640878039758318
APBB1	6.932444440236869	1.3483558261739277e-5
TEX15	6.9186092933120875	0.019254998920798204
MARK1	6.9076323986760055	0.005392347474101087
SH3GLB2	6.863219860706787	0.0205818603159766
ANO8	6.845203559228946	9.703131997513879e-5
TNFAIP8L1	6.815220057327793	0.021621557756407114
AKT2	6.79901531170008	2.0994969662581525e-6
TUG1	6.7907902913821525	8.280885359785231e-5
HACE1	6.717277372227123	1.5802043714443936e-4
ARHGEF9	6.674780453192197	0.02442364655127682
NFATC1	6.670153673629693	2.0764149900345357e-4
NLRP2	6.661547469496809	0.024818730036664457
ZNFX1	6.6457499325792195	2.6936833344309223e-4
PACSIN2	6.642264485822749	0.025152099705300895
CBL	6.628958492623229	0.025492476297108067
SMC1A	6.613659921158746	0.025513732347480642
COL18A1	6.5794767287675535	1.89952962346575e-5
NONHSAT105825.2	6.579362162855045	0.0031888075916517876
PTOV1	6.576406647260061	0.025815480045776308
ZC3H18	6.50662578769371	1.5687781377482878e-4
LRP6	6.48787026136225	0.013513057034322413
DAW1	6.453669345855245	0.004484142514097264
DAXX	6.439166517202541	0.03125617514646831
IFRD2	6.433742161858337	0.029531328819807665
NONHSAT231147.1	6.432972404544664	0.029490110357018404
TNFRSF19	6.426537790777598	0.03046272764147795
SPATS2L	6.39920879414822	0.030475669151690313
ENST00000612651	6.399198554215836	0.0013133163496013751
LIN54	6.393656602993802	0.014258452075348206
NONHSAT249145.1	6.361298985297461	0.005122686434916784
ENST00000397959	6.356764638250914	0.006145190145745339
PARP8	6.355351934942732	0.031967940514415934
EXOC6B	6.343100822389738	0.006160131457482949
FUT8	6.3391274573919105	0.0058217062155335115
NUP85	6.33563174959044	0.005387094037516609
ACSL4	6.313641120019542	1.828799099602995e-9
PCCB	6.291777304448453	0.0055922773582516155
CCDC66	6.268981101002448	1.3569337379615186e-5
ST3GAL4	6.249078596873814	0.006106109993140997
ZSCAN2	6.241850449545323	0.006070794664683074
ATP6AP2	6.20234575199971	0.0015161418749388427
KCNMA1	6.1908430572481015	0.03688466924822376
SMAP2	6.185725135696415	6.819513638587057e-5
E4F1	6.162810399748461	0.03847605944899326
HELB	6.142421322431758	0.0014269130801828817
NSMF	6.122618511793739	0.007305099898666494
NONHSAT177422.1	6.120503234942972	0.038747783264701845
FAS	6.119701626501746	0.00508341096409345
UACA	6.100162431382075	0.03888953127736565
TPD52	6.0990994350213485	0.040287018848949446
ATXN3	6.077152658620878	0.040688236903688384
MICAL2	6.055498410662958	4.1272153021987795e-5
SLC2A9	6.050004031966009	0.005544003429074842
ENST00000552462	6.045348269063811	0.010366781654201431
WDHD1	6.031935109342658	7.083906323198786e-4
CCDC106	6.018202997288756	0.043974945283299455
CYP19A1	6.007053062160799	0.008831672309753315
MAP4K3	5.999906876583319	2.686434793040722e-6
ATP6AP2	5.993261336503581	4.429468653107099e-4
SMPD4	5.989993749826193	0.04287258060791305
EXOSC2	5.989344904410504	0.043573138115823654
ORC5	5.986154850011355	0.01398032376264556
MTR	5.980086166828838	0.0083948421388179
CAPNS1	5.972884220859569	0.010945597869973515
STIL	5.965745316544382	2.1572498489741532e-4
PANK4	5.9584124731157955	0.043946517429444276
FAM114A2	5.954189853729673	0.04770416362762316
NONHSAT247739.1	5.948566684750391	0.001020580550858462
CAST	5.933544267998894	0.04530263822362761
CFAP69	5.928025394536899	0.01482885951782218
TRIM17	5.92187736187582	0.04531185545355171
KCTD10	5.900285480599751	0.04620728012443779
MIEF2	5.8990188990097305	0.009542329204762123
GART	5.896047975364446	0.0490107946825617
PIGN	5.880048633330319	0.04878203039026435
SERPINF2	5.8752934829743495	0.04921089120593861
NONHSAT007614.2	5.874925521329213	5.751963050811807e-4
RAE1	5.868238877828443	0.04875744660437618
NONHSAT145754.2	5.8664633639512616	0.009466209999705676
ATP6AP2	5.8638634245061	6.317396810654601e-4
CENPO	5.862533112325077	0.027752586806298826
NONHSAT068161.2	5.854747224374654	0.04845942760915847
GREM1	5.853076424163563	0.04814070910014983
MICA	5.8519778376869676	8.176157170141453e-4
WDR20	5.8468534579203935	0.009899406300287263
NONHSAT234826.1	5.844931200895701	0.049439833738196014
ARHGEF1	5.841773303847314	0.04888019822022035
SON	5.826943491885403	0.010415589585774715
ZNF596	5.821020477211362	0.003505231712099196
ETFA	5.819949415690526	0.04934038573154331
HAL	5.8144843252026615	4.6746235129522054e-4
AMACR	5.787938214211936	0.010507657646263054
TMEM9	5.785296667863979	0.007243794978019447
SLC43A3	5.765904723530071	0.01118269473035268
ZNF658	5.755021378689416	7.888634378726792e-9
PNKP	5.737983395758158	0.011977371356270033
ZNF329	5.7085301533860084	0.01087289248635288
ENST00000613626	5.697551771716357	0.011724383745370758
UHRF1	5.67772641835648	0.012387794770286504
GPSM3	5.657692143929383	8.935344943669722e-4
NONHSAT257249.1	5.649878991915885	0.012711554082742892
NONHSAT181637.1	5.648006242320065	0.01401046660660823
DEK	5.631183157568917	0.013370984337654903
DDIAS	5.615241024785951	0.014480317138382885
CNTROB	5.594759285415285	0.019312539350394196
RAB37	5.588164499031471	0.005026974271359374
SLC25A16	5.585503502167724	4.8415751712726005e-5
CHRNE	5.5700182349357625	0.0026450299229851273
GRAMD2B	5.550105681203762	7.207120068715052e-4
NONHSAT141192.2	5.5446250936211445	0.0224526819395014
EGFL7	5.526030594370873	9.940266890820142e-4
NONHSAT254534.1	5.52369974898614	0.02200986286376149
CPT1C	5.514978034019404	3.7151943450407254e-4
NAPEPLD	5.5092412411558245	3.4655879946516953e-4
NONHSAT248133.1	5.507233008515685	0.0013863238241766992
NFIX	5.505728622135181	0.02233907840830517
PDLIM5	5.499462902596305	0.016264579290141256
HAS1	5.497399043385555	5.621426695384309e-5
TMEM237	5.471709424247842	0.01604566681642353
CHFR	5.4451403365555535	2.659030493611426e-5
PRPSAP2	5.4398389459220775	0.0021067390233694867
NONHSAT227195.1	5.435210197031243	0.016442857200482486
NONHSAT255942.1	5.433217754333446	0.001685907535652925
NONHSAT119063.2	5.431526238441533	0.0314711082451799
NONHSAT044051.2	5.4283840566855215	0.008299348246308324
ZNF385A	5.41897301382249	0.0010153151876372347
RUSF1	5.40919386917535	0.017752282628634177
DDX3Y	5.396287186133643	0.006448007287597079
RTEL1	5.3804919573313565	0.026701822130134917
CLPTM1	5.3725181960779	0.017803578972634678
NONHSAT231142.1	5.3710260435033534	0.018180280840593886
CTSL	5.355474719674388	0.0173742048652836
TMEM14B	5.3530385178169215	0.02871656492924595
PMS1	5.349163505180105	0.027411802736563
PITPNM3	5.324635166444195	8.536383545389872e-4
NONHSAT155320.1	5.317383535953002	0.018374854217891257
WFDC3	5.295385879995969	0.019044194124805795
CAMK2G	5.288554128071304	0.002216253811843439
MORN2	5.257713137387741	4.58652321496836e-5
CXorf38	5.226567951926184	0.0294842119399449
ST3GAL3	5.224905828520072	0.03335775436904652
EFNA3	5.215055014931816	0.002441132219307821
HERC6	5.207300524942973	0.017745065743141972
NONHSAT150235.1	5.195254508693391	0.03765185126904965
PRKCH	5.187468180766804	3.043302395459785e-5
NECAB3	5.184294524150936	0.014767305957918983
RCAN3	5.177517203394912	4.0275332232614033e-4
ZNF565	5.163784508150898	0.004924841749089541
CES2	5.152126025607485	0.02862801253994928
STON2	5.150493840370724	0.002674758569367415
IL2RG	5.140225824890759	0.02349575560637632
SLC29A2	5.129907039928552	0.03486541545340131
ZNF415	5.121722047622545	1.1292869009205319e-4
ACBD6	5.117604871504401	5.35157326127417e-4
ENST00000390013	5.113444840477239	0.03395239493534301
NONHSAT248142.1	5.111820668728105	0.0011584079057551696
IL24	5.106580702845274	0.02908577767489044
ZFAND6	5.102117795606606	0.027751861711037964
MOGS	5.093015849418402	0.001815973833936019
COPG2	5.088039648103201	0.037192601282867714
TPK1	5.087415922619296	0.005732820126567956
DTNBP1	5.08509448737778	0.009448934669878105
NONHSAT228733.1	5.070446847483315	5.29903406731952e-5
YJU2B	5.069531320892776	4.341334293171936e-4
PIH1D1	5.0635134282451055	0.0016031380769600044
ZNF446	5.057334357464248	0.0257180207301422
GPI	5.054738761095747	0.010801305599292862
NONHSAT245336.1	5.044188633713884	0.02505013139259366
MSTRG.16216.2	5.038840733437925	0.014067423427589017
ENST00000591601	5.038474875123189	1.4218503266663938e-6
CALCOCO1	5.035983373406892	0.00648451451042794
NONHSAT017960.2	5.01510915160968	0.027171979278165084
NONHSAT233401.1	5.012003694843192	0.036890744179449195
C14orf93	4.997512816449479	0.003728887812584597
NONHSAT258422.1	4.972217975129797	0.0026042183374551916
POP1	4.965508442568	0.0012680976909873179
NONHSAT231325.1	4.958561321855229	0.013641058388291414
ESR1	4.958315883347646	0.012259404136065282
PRPSAP2	4.9502226083209555	2.723924490628033e-5
PLK4	4.942505185077158	0.02035512900416525
PTPN12	4.936712456399385	0.029542702742878603
POLR3H	4.93665822794823	1.469879647070449e-4
ARHGAP25	4.93574097986208	0.039369549642989915
NONHSAT101926.2	4.933694378961132	4.257234520526861e-6
OCIAD1	4.909996562181263	0.034028930496557544
RAB34	4.90691541149601	0.012222694690714027
CCDC40	4.903541918179327	0.0430364537287287
GPN3	4.8932587009231385	0.045445597863757674
ZBTB22	4.892252102808879	8.523978893393932e-5
NONHSAT157736.1	4.891055263806725	0.043430796846113666
MFAP3	4.872353506490328	0.027520919815719427
SHROOM1	4.866385176413685	0.0095843087441411
SPOCK2	4.854768846971637	0.002032387634491885
CEP78	4.84267990909674	0.003913548677379772
FZR1	4.840796154472405	0.03371094117802758
TMEM106A	4.834117829605001	0.0365654416895085
KCNT2	4.829170298318762	7.150404321065428e-5
ZNF707	4.815888133417291	0.0017665979227214387
ENST00000534420	4.814464178681949	0.033827510571965466
SNHG16	4.812935288406259	6.405939622621657e-4
CPT1B	4.812933180639216	3.8784325835837806e-4
KBTBD4	4.809940053064787	0.03780678089028596
RBM38	4.807370227015449	4.914081490585722e-4
RNF4	4.805692417511491	0.03607046913682014
STEAP1B	4.797116328283551	0.0031166572941565334
NONHSAT229933.1	4.777589598890445	0.03839472015645887
NONHSAT237968.1	4.777094387066054	0.035641443560382374
NONHSAT246305.1	4.770023212087723	0.011690316869225422
ENST00000568508	4.767348545937525	0.03833553104861023
ZFYVE1	4.762541754426652	0.012321693317379387
NONHSAT203305.1	4.761250357245183	0.007253234227176064
ANO10	4.75493333327644	0.01939184729544038
ICA1L	4.752400828979901	0.0210816873477398
TSN	4.749944466929415	0.03859968820769867
PMS1	4.746722195413538	0.0439224496715827
NONHSAT230575.1	4.746306455933263	0.03967488360370387
NONHSAT005298.2	4.728948158830627	0.0017227555750736812
PKMYT1	4.725698937488996	0.04867399665465974
XIRP1	4.724379955453947	0.01162179390987998
TMTC4	4.701297952939116	0.043908129608318
NONHSAT092865.2	4.698121444837694	0.02080688715891547
MDM2	4.687777183798715	0.006088030293323674
CYP17A1	4.680008082052665	0.018074953589592463
SH2D2A	4.676854087456928	0.01456792447633836
FCHO2	4.674382916995519	3.486198159733737e-4
NONHSAT232748.1	4.661426412459984	0.010297177902250577
ENST00000405275	4.660674166444351	0.00169077893236989
MUC20-OT1	4.6587530710966085	0.04447599224181025
PTPN20	4.658062924178106	0.0022387839064036286
PIGN	4.645900300649936	0.04196812510664264
DTNA	4.642627617462875	9.47170471821157e-4
UBE3A	4.638818545794978	0.023890714718128835
GOSR2	4.63658017877164	0.04288708066062267
STXBP1	4.634937879067289	7.10218992438874e-4
NONHSAT159199.1	4.624296895406779	0.04770493014122903
NONHSAT241372.1	4.61781856270566	5.692161676039451e-4
F5	4.611905674697854	8.964581130171075e-4
NONHSAT054034.2	4.608486924359174	0.016042518246272768
GOSR1	4.590122339952493	0.04428583905026565
PARVG	4.584359039709861	0.04804973417321104
NONHSAT254552.1	4.582103166141848	0.01948532036660733
ANKAR	4.581610843586271	0.04607827664857359
NFASC	4.581583407098466	0.010100552205738099
RBM23	4.56678299223457	0.04652761197708361
APLF	4.554827884870444	0.004734426855933604
NONHSAT118888.2	4.5502034049857265	0.006925503825037944
NONHSAT251415.1	4.54771438862892	0.005717729104517405
ZNF264	4.546981683109236	1.447181229442834e-4
CAND1	4.535115520871392	0.049476548360430354
ST3GAL4	4.524127074020897	0.032449523394548
LINC00235	4.51727877074927	5.2716904552602595e-5
DENND2D	4.5160571670601755	6.435519674974691e-4
NONHSAT217535.1	4.504495822389379	0.008965798451857401
PPP2R3C	4.493336192095207	0.006531043223808385
PIGT	4.492970253590726	0.02577985729999733
THUMPD3-AS1	4.485634503809912	0.030896891536838944
PLEKHO1	4.475740944204609	3.765780320931168e-4
AP2B1	4.474379257231671	0.030175436888736876
CNTNAP2	4.472012209121095	0.019801028036904953
HNRNPUL1	4.465755630232184	0.008258756237721421
MXRA8	4.4587127433829385	0.021630626256116746
SEMA4A	4.452101960966363	0.02971316825932264
CREB3L4	4.413039355232094	0.001360176259614962
PGBD5	4.360885957078158	1.736770385010574e-4
NONHSAT233220.1	4.338317177437399	0.006531058275594386
MYBBP1A	4.334736151549842	0.01079048339305887
HNRNPU	4.3324472359000135	0.029375984813975662
TMEM218	4.322698060993482	0.036702395983906275
FOXM1	4.316613888907737	0.02608300120472853
ENST00000487661	4.303846750476433	1.4853153180726855e-6
PLCG1	4.296686895962222	0.01612544625108303
NONHSAT235705.1	4.28059437595355	0.0011818736424616203
L2HGDH	4.279503614756684	0.02981088749021645
XRCC4	4.277309821661943	0.015456165030248286
SMPD1	4.273366384919256	0.007765683752240532
NONHSAT250858.1	4.2711450117749195	0.029271909887146907
SNAP47	4.256616559514181	0.0015037237809683408
STAC	4.253089303999443	0.013188497403664547
NONHSAT193996.1	4.24963213069917	0.018145199379409966
CRTC2	4.243130140029821	0.0112693925146523
ZFAT	4.238664930181724	0.016580991675455892
NONHSAT248101.1	4.228012742952484	0.029765682481911172
IST1	4.216932855791642	0.005149847508782961
DDX41	4.210089562198528	0.03164522621926217
ENST00000397174	4.2074623919823875	7.534338249175576e-6
NARS2	4.204039541226685	0.0018136742067718543
SCAND1	4.193015308960815	3.011151418624251e-6
ENST00000260184	4.177453560715262	0.004613191810505356
RHOH	4.163725765286324	0.006405129792395099
CD200R1L	4.159201896474645	9.222379809410184e-4
MYO1D	4.15867875327567	4.7391961088369405e-4
NONHSAT011101.2	4.153676128602672	0.03442472708259871
NONHSAT253380.1	4.144957220375499	0.017896419481352944
NONHSAT244518.1	4.143297788181292	0.019821974002232387
ANP32A	4.138005740885385	0.03767231405224636
NONHSAT121213.2	4.137370885012031	0.026428248842488358
NONHSAT234317.1	4.128210459175089	0.03664255051005005
PSMC3IP	4.1201007146495625	0.045969983202439356
TCF4	4.110928528255744	0.0032014641570477995
DYNC1LI2	4.10142479631272	0.016631359075333783
ENST00000359632	4.0956568675802725	7.51369855535897e-4
NONHSAT198617.1	4.083505581838343	5.787339158439827e-4
BZW1	4.083084472025078	0.0018656095412037449
MYPN	4.080874256208899	7.191817109006578e-4
NONHSAT231466.1	4.0719927137450345	0.02351047905803596
POLM	4.067198563213035	0.03351535255794853
ZWINT	4.060654135251957	0.033932460564540454
ZRANB3	4.059362512865965	0.007194840221854167
KRT10	4.037151329013588	0.031844342847161304
CCDC24	4.032809259620658	0.04301691643257697
ENST00000641671	4.032417348014705	0.03258489168528429
ENST00000483110	4.031755966618093	0.001548488744880681
NONHSAT113287.2	4.025206493498192	0.024266511335390054
CAPNS1	4.011262853221454	0.007674609983477463
GCC2	4.0023551982132295	3.068837863774755e-4
NONHSAT074578.2	4.000338283203219	0.0053771605285025835
ZNF630	3.9958962897201213	0.03453717201007846
NONHSAT237103.1	3.995505000013789	0.004059292123960486
SNORD118	3.994045422343552	0.0010918011957331275
TNXB	3.986256546321204	0.020863009932787203
DPYSL3	3.9858919610441887	3.49640082136881e-5
JPT1	3.9833570551881343	0.0022824209884053713
UBP1	3.9811455448284283	0.022397108030755532
CLEC1B	3.9775423883110212	0.0031074169856118816
NOX5	3.9761985887276263	0.013044901317427948
NONHSAT226230.1	3.969121835782234	0.029793144651954595
HSF4	3.9581950362471963	0.04759766985415931
NONHSAT225663.1	3.956723774387537	0.03210922362195834
SPAG6	3.953238805726353	0.04750256023649549
BLOC1S6	3.950865850310784	0.00286724935090973
ANKRD28	3.9429909093376785	5.144416982905684e-4
ORMDL3	3.9272015005032173	0.0033708188718681946
ANXA8	3.9245316797692777	0.03205139560318568
LCOR	3.9210241717394227	7.860681852759748e-5
NONHSAT102631.2	3.917754665828812	0.004353256426461725
ABI2	3.9137935545964755	0.02299701249414635
PARP12	3.912044805623337	0.009356556306340823
NONHSAT183141.1	3.9120399576391813	0.037961950362575075
LRRC51	3.909888275256446	0.027414827181583754
NONHSAT092905.2	3.90359225372344	0.04946672350480005
MYO1G	3.8843398710234083	0.021325974796192585
ME2	3.8813663855032847	0.00160647599088695
NONHSAT040801.2	3.8802902359861413	0.02519681985393775
NONHSAT198571.1	3.870410005680333	0.001098668750918457
LINC02883	3.863113432752591	0.04036857234302605
ARMT1	3.861961889483049	0.04818449031845064
UBA5	3.8580218189119035	0.030776408785897706
PPARGC1A	3.8517652699353677	0.010266534949958196
NONHSAT149621.1	3.8498407248609583	0.0012086490633270999
ENST00000611392	3.848909760055673	0.009595637845883426
NONHSAT236309.1	3.8482860565765167	0.04837525434375108
TCF4	3.8384951260230857	0.02744583477704272
HDLBP	3.834337073013601	4.0749878694584405e-5
NONHSAT150913.1	3.8310363400858494	0.03462721857479154
NONHSAT010539.2	3.819049097079282	0.0035147551477721253
BOP1	3.8176193086160493	0.005994336930618879
CLDND1	3.8129509416547087	0.02841573351945263
SLC38A5	3.800409474764859	0.03027897845216406
SMC4	3.8003962081241247	0.006859581192266874
ZNF185	3.7893550027009977	0.017782106228095857
TCOF1	3.7861565266120474	0.0031814239652064357
EXOSC3	3.7818146015119027	0.0010960888240142954
UBE2V1	3.775148924381847	0.0053765267550051595
MPG	3.7686677139869666	2.821689778550535e-4
LINC02972	3.768069151073094	0.03261451459497682
SH2D2A	3.7667683350994	0.006014919697718801
RYR2	3.7646883527152726	0.016532893492710816
PWRN1	3.7501674993421097	2.2464631814642915e-4
ENST00000617492	3.7390527505256435	0.02171144479501273
KNSTRN	3.7281767208911116	0.024274153621490362
DUOXA1	3.727521187815127	0.03539023588298479
CCDC187	3.7242270507275803	0.0062891131661158605
NONHSAT238237.1	3.7239461803427916	9.395588612082742e-4
PPP6R3	3.720407244723624	8.588601761267807e-4
SAMD11	3.719743039976047	0.034880075690666715
NONHSAT231324.1	3.7133938440256933	0.010895618946961462
PARP11	3.7073423337740294	7.782432059674697e-4
POLE	3.704076736082709	1.7357856863923985e-5
DUOX1	3.7011572434969615	0.024970990579404065
CS	3.6912596878451343	0.03360554936715996
NONHSAT242419.1	3.688545943761464	0.013390613941729817
NDUFS4	3.6881216259597895	6.359122441849238e-4
NONHSAT239339.1	3.679483603704881	0.01938378499215925
MBD6	3.6686319243116587	1.468800147975992e-4
ZFP62	3.666619719090188	0.039816168557484585
KIFBP	3.659368150331581	0.03353145238214292
NONHSAT035909.2	3.658574736625081	0.024635192434133417
MEIS2	3.6516480936075095	0.02746729159699823
ATP5MC2	3.648716953214223	0.04010536308319981
ENST00000638115	3.6485011392181534	0.03952881225230265
NIPAL3	3.647120782353577	0.0029809211272688414
SLAIN1	3.645544344214252	0.00543386371746869
PSMD2	3.643616862859662	0.0030858323752067647
SHCBP1	3.6389903401719845	0.017899126521712605
TRAF3IP3	3.6365266063363664	0.0018110306109859146
RAB3GAP1	3.63250362102038	0.010896904095090816
MIPOL1	3.6254250283940737	0.030879522018881594
NONHSAT162877.1	3.62253215329734	6.156181441168171e-4
C10orf82	3.6220057397656347	0.007224611248919729
NONHSAT251543.1	3.621876140136659	0.0028359374857634466
ZNG1C	3.6187928986989744	0.02101764201656352
CTSD	3.6128619895273855	0.025604016309798604
RNASE2	3.6118017209982143	6.973487003263194e-4
CD302	3.609087122254511	0.020031245420452704
ENST00000532364	3.6028026666539588	0.021617285739966876
E2F7	3.6007954588742974	0.0030549131415314092
UBE2G2	3.599938951346574	0.042456260444363174
MICB	3.59827356240911	0.02393283823237972
SARDH	3.5960270350467467	0.04512978089033079
REXO5	3.595787109511257	0.03339391758994593
SMN2	3.5880829717955915	0.004670567927013111
REV3L	3.587842905576639	5.350083970316146e-6
NONHSAT038128.2	3.5869836206420893	0.04274804666396168
NREP	3.584099197176231	1.7421106370430752e-4
CHRM3-AS2	3.580533292337544	0.03726146540555969
NONHSAT254082.1	3.5788159372070036	0.027689181761653806
ENST00000494072	3.57311917207516	0.038304294443261264
ZBTB49	3.5703215504467307	0.04454112673249208
NONHSAT119464.2	3.5651999473117457	0.013241193211890767
HYLS1	3.5634160436077447	0.039872996743880215
NONHSAT169047.1	3.5624886406841587	3.415877495734918e-5
LAP3	3.5605419059889782	4.6458172122120666e-4
REV3L	3.555611181519679	0.0421723930945421
XIAP	3.5437450531634602	6.344526153608507e-5
ENST00000620401	3.542119102783681	1.22236173848862e-4
IL1RAP	3.54028799095193	0.042642259259376133
NONHSAT250861.1	3.5347576513893766	0.0024495502581516476
NONHSAT168811.1	3.52870876692745	0.04789009409363065
TMEM106A	3.5261253683750566	0.01060436289473893
PDIA6	3.5249187130639426	1.637601384889267e-4
BRD8	3.5163089668519363	0.015750691812172306
ZNF682	3.504094906408032	0.02517693366644252
C19orf12	3.504073539029647	0.01634074507093203
CAPN11	3.503594746744428	0.002095410627194047
ENST00000610057	3.4991415096575	0.005035039112358134
MT1G	3.486092944149966	0.01122804895619615
KANSL1	3.485600368164772	0.010823119155932738
AP4S1	3.482747892266692	0.02083510615372794
NONHSAT235078.1	3.48220355289764	0.006123309381709671
NONO	3.4807515024925286	0.011662695005240037
NDUFAB1	3.460098580434316	0.039603754274005934
NONHSAT127230.2	3.4570792919098805	0.005302993457371446
CHRNA7	3.4533933334408133	0.00787778473401327
ENST00000614710	3.441442479359099	4.1636113587192164e-4
TDRD12	3.441338250532303	0.046365203584895216
XPNPEP1	3.439987796996485	0.004685089546029115
LAYN	3.4384062948768612	0.004714292968012148
DNPEP	3.4295947657327126	0.0011916690487389096
MTCL1	3.4268645762794505	0.002588635282731478
NONHSAT173841.1	3.4251798401944304	0.006319927440162306
NONHSAT136825.2	3.421782769491774	0.009640038691975947
ITGB5	3.4078849969406346	0.0012462276561680983
FANCL	3.4074682838495223	0.020709193809069597
NONHSAT235325.1	3.4004295304801224	0.024822775402973764
ZSCAN32	3.395106846585611	0.03818520286652525
ARHGEF9	3.394006787068194	0.009678757821350699
LINC01031	3.3907534654523865	0.02525581450650259
ANKRD46	3.38846517501501	0.01158480164694511
FBF1	3.3803829663533564	0.019534007566355593
USP3-AS1	3.370349348057004	0.002633659988902065
NONHSAT181717.1	3.3695074111323646	0.03415270634066778
CMSS1	3.3694637656202593	0.02906517787708048
SPIDR	3.3678933871523977	0.048959774854568025
GAB3	3.3646908528834625	0.02746193815824797
ADARB1	3.3630965829267137	0.021260901421035133
PDE4DIPP5	3.36032434988901	0.028878469715346477
MRPL52	3.3600065907474432	0.03666377032358001
GSE1	3.359910838011012	0.04811198896602718
ADGRL2	3.3582113332474055	0.030000997845015746
PABPC1	3.354974939397999	0.017688714577231396
NUDCD1	3.3528389497741204	0.017158077321770996
HAGH	3.34796213288908	0.04182323500096422
PDE10A	3.3441887020309644	0.037774727276089125
ZNF682	3.341740058801539	0.02050571152516905
CHRNA7	3.34002816974206	1.5572485843072496e-4
ENAH	3.339115177755147	2.596960508033581e-5
NONHSAT227370.1	3.3367427598784842	0.04758481311555026
SEPTIN4	3.335210511996914	0.004809748583754902
IRF5	3.3310514053483904	0.018092085183457462
PLA2G4C	3.3234874251774817	0.012107785730088035
EGFR	3.317951513064767	0.0017004297272548022
PRKACB	3.3132461597428073	0.020846455119756246
DCLRE1B	3.2952967040320553	0.026531989860477185
NONHSAT071667.2	3.2949192506811937	0.0035980650054153376
NONHSAT233946.1	3.290439931362203	0.01782502456460952
NONHSAT233761.1	3.2872419963383535	0.0020535765936303594
ETV4	3.2867347446082857	0.010722892559795407
AMPD3	3.2819533796903397	0.035013005968283176
RPS24	3.273879781808926	0.001254762527921407
NONHSAT188677.1	3.2689127614568894	0.0016191378817275955
LTB4R	3.2661214172783164	0.020573057703791114
NONHSAT105215.2	3.253972969650373	0.0353883313614737
CD37	3.25169148492539	0.028425298236661574
TRMU	3.249068911656461	7.134127160755991e-4
ENST00000368661	3.241671965870681	0.03140143016462267
PPME1	3.234311519815455	2.632712693836268e-4
FOXM1	3.233198061957179	0.04538310998566843
MPND	3.2322199877848647	5.7498104041639417e-5
CD37	3.230778005022937	0.01362236723065538
NONHSAT213768.1	3.2289921129545105	6.797553985455558e-4
NONHSAT087616.2	3.227854210195567	0.02657229764579742
WDR26	3.2271878016676827	0.04495642211713005
ENST00000594721	3.222240927188155	0.03455825697549271
NONHSAT239770.1	3.219841899245441	0.03169937918934203
NONHSAT004318.2	3.2196170648409157	0.01843306613812963
TTC23	3.2181222318063765	0.02043640739554207
COX10	3.2143979584373175	7.515059548129728e-4
LY6E	3.207676888375033	6.426195345746511e-5
MAFF	3.2075036202232465	0.04854393768454246
SLC2A11	3.206317277573735	0.041922357777178676
SGTA	3.203144326213237	8.102887636703413e-5
NONHSAT138193.2	3.201428224432962	0.009495037240386639
NONHSAT041027.2	3.1961415495322423	0.005146483629148873
ECHDC3	3.181118525417817	0.0030205081106861775
ZNF692	3.1799814036448013	0.04031256861976244
NONHSAT203666.1	3.1787383649651657	0.003237043646971298
NONHSAT097375.2	3.1786616341260396	0.034365586400368325
DUOXA2	3.170301675780026	0.00237210030107286
PISD	3.166982162393382	0.013241262467867254
ARHGEF2	3.1627824164893537	0.030243712237437517
TMEM175	3.1623887980205314	0.018481536984089067
HLA-DRB6	3.1550493857296504	0.01780086876592688
NONHSAT228251.1	3.1512202060089263	0.004628994489517736
NONHSAT155818.1	3.1494387709961247	0.023309289448986466
NONHSAT230981.1	3.145821619968165	0.003834300743714399
NONHSAT230904.1	3.1453937515486516	0.022626938353356683
JMJD7	3.140667344221461	0.003186988289851423
JTB	3.138491458061622	0.029209392123631477
ZNF619	3.1336065157990625	1.1407554622977203e-4
PTPRG-AS1	3.1289333662416596	0.02695038688417575
ADAP1	3.12767233444077	0.010763636404092086
ITIH5	3.1257977535993797	0.013463820392307703
NONHSAT245360.1	3.1230506354006162	0.005764618195225825
NONHSAT128466.2	3.114248553576913	0.0257961819271054
GUCY1A2	3.114076342997868	3.0121288858182355e-4
DECR1	3.1093728678520454	0.012012531006188012
IFI44L	3.1092094052069053	0.020567285076153297
NONHSAT226240.1	3.108786294410804	0.029284881070975287
POLD3	3.1082360239049285	3.1511447340015823e-4
EHHADH	3.097846746941323	0.021093221596504206
NONHSAT247502.1	3.0946594268133274	0.001645488810026516
PRDM2	3.094128352864431	0.019101923792396842
ARHGEF26	3.093054809075449	0.009363795664785438
SYNE3	3.0899090983423734	0.041811662627185595
TCF4	3.0874384638986263	0.043821987632524255
CYSTM1	3.086274398434424	0.020167719661928304
NDUFS8	3.0785415582951634	0.00318970771320724
ABLIM1	3.0738757028604966	0.0032665148209715536
KTN1	3.0684203058279658	0.023955994404933106
TXNRD1	3.065936581123238	0.017935547819525197
LRSAM1	3.0599615255183577	0.02404422243854976
ARF1	3.057704909996012	5.1365329825127476e-5
FES	3.057167104980247	0.032009084706481825
USP10	3.0479048823155215	0.02156663600568587
NONHSAT199206.1	3.039968337491058	0.024910150599399543
SERPINB8	3.039084269823352	0.029699589661861064
PHGDH	3.0388927829315384	0.0067806084746483055
NONHSAT010771.2	3.0357262096805675	9.972987492008138e-4
KIZ	3.016399610021992	0.040926843587243224
ENST00000337652	3.0149149228478898	0.014418871871062946
ENST00000449199	3.0147394323660346	0.020706588330672664
ENST00000564861	3.0134714082601017	0.01135868567615627
PSME4	3.011858970260257	0.02106531462626893
ATRAID	3.0089725654407657	0.006710434086204513
NONHSAT245337.1	3.006844695984322	0.011383350241146336
ENST00000402904	3.0033941059803326	2.743659966517774e-4
NONHSAT001104.2	3.0018947474347955	0.008623363914655322
PPP1R13L	2.995986884519078	0.0447231567507392
GALT	2.99493039862537	0.0022392418697144397
DOK4	2.992781610889528	6.37004608435153e-4
PIGQ	2.986646905612451	2.7276376189239615e-4
NONHSAT183650.1	2.984050541292753	0.01281860447793269
AGTPBP1	2.9814867779656495	0.0034046335455478007
ATF7IP2	2.978678334371129	0.010200151187413733
NONHSAT237813.1	2.977747727008322	0.049878345708960437
IGFBP3	2.9765511346639877	0.04185213281882483
HPCAL1	2.9765185131310137	0.0011598825488704498
ENST00000430047	2.971146596398713	0.02131976222858019
PFDN2	2.9650353735345423	4.92778030219981e-4
TMBIM6	2.9646213395318006	0.025223075455308223
TMA7B	2.9627420888884095	0.03657538663092657
RAB30	2.9518613056734018	0.014143462845805924
CLHC1	2.950762870915408	0.029442171535042833
WWC1	2.950536117735723	8.181672773095e-4
NCK1	2.9475537907577123	0.0015214888695996391
GOSR1	2.9459233898766413	0.011849224439319662
NONHSAT200461.1	2.9420626535880254	0.012293312468224333
TNC	2.938041912084454	0.020954338858353398
E2F4	2.9333992371160464	0.006426249930521026
SSH1	2.9329536495942823	0.022175758994264945
NONHSAT230991.1	2.925009486947383	0.018068957323888638
ENST00000623902	2.922224180573443	0.012170872204401098
P2RX5-TAX1BP3	2.912950237917154	0.010836349145628988
EFCAB2	2.908252186844561	0.005309106098244157
TTN-AS1	2.9047151210112543	0.035398899876600436
NONHSAT092034.2	2.8996178836822764	0.03243436042204609
NONHSAT243115.1	2.8995102948943807	0.01773657814985629
IFI44L	2.8992250172210965	0.01974440832810125
PXK	2.896928571726572	0.001415899744027981
DPH1	2.8956031794172152	2.978353433499428e-4
YWHAH	2.894171102476155	0.0018612026719540128
NONHSAT256240.1	2.8939525094862586	0.03773996221015031
XKR6	2.892790982519468	0.03961529238244097
PFAS	2.8921915201272412	0.015122494992851393
ANKRD20A11P	2.8908736834037074	0.04322571052838169
NONHSAT253442.1	2.8882876484254068	0.029253221437374317
CD36	2.8806863180546083	0.0016327689387864287
SLC29A3	2.880181621901773	0.038148080448636545
STRN4	2.8782760107421734	1.3906221127032222e-4
NONHSAT230766.1	2.8774545733400765	0.03595203146541489
ROR2	2.8734143554496705	0.020152927899041568
NONHSAT181750.1	2.872982456161205	8.470708841755601e-4
LARS1	2.869600229089104	0.022312504477952445
PXYLP1	2.8679194030969324	8.050624147090763e-4
NONHSAT254014.1	2.8610624515745005	0.001193573421727661
TBX21	2.855460612740524	0.012574657037047514
WDR45	2.8393095796479924	2.1251095605635207e-4
NONHSAT252466.1	2.8392295476286646	0.030468685704583432
ELOC	2.8327894509224882	0.0044782861891758214
B4GALT3	2.827750764000274	0.017709639130232487
TTC13	2.8249567878869333	3.8981296134361627e-4
NONHSAT230849.1	2.8244735020153855	0.0264804694885069
ENST00000623424	2.8244460932440028	0.025539621268665567
FAAP24	2.8242328395889738	0.039219765220193034
ENST00000596831	2.82233365123462	0.044884121490356005
NONHSAT208063.1	2.817819278943745	0.0017446362063396044
EDC3	2.8171141764223115	0.005882442800979079
TMEM39A	2.8017206752091597	0.029542811816259288
NFATC3	2.8006326542480267	0.013337612871213544
NONHSAT212002.1	2.797850717123435	0.009592244148563632
DONSON	2.796264168930764	0.04643230702727865
ENST00000622530	2.7921869474156096	0.012870062555432509
RAB43	2.786548634412623	0.044233339996016155
ILF3	2.7863900926371725	0.04615849416472362
NONHSAT008295.2	2.7858707356956507	0.017447717065677246
UBE2CP4	2.782924056477716	0.025805765259025032
SASH1	2.781814747980666	0.04693676157343006
ENST00000623759	2.7769982278699477	0.0017279389695561925
NONHSAT249909.1	2.772708964500622	0.01160878533373367
XXYLT1	2.7724683110732884	0.023386152232198882
CNIH3	2.769581871995114	0.04722917096137495
LCA5L	2.763187137715031	0.02073258849860777
NONHSAT000181.2	2.7616626448898907	0.03843277543420763
BANP	2.7548980823853255	0.0323069291209126
ENST00000505994	2.7472605570198927	0.02482749170215606
HDAC6	2.7445476521438215	0.0077361719795378345
NONHSAT007800.2	2.7441184539305743	0.03727197285846882
BOLA3	2.739511112652545	0.0069989118599817395
CHRDL2	2.736068857161534	0.029421705426541697
DYNC1I1	2.7355402675467912	0.04042788742718672
FAM3A	2.7327833357385467	0.03298992708906869
TMEM217B	2.7295737884244846	0.0023901806916455486
NONHSAT107410.2	2.726233815253852	0.024915964865108952
NONHSAT238438.1	2.72120778379333	0.0026149579501467293
HGH1	2.720914388325606	0.044428931689148035
NONHSAT254486.1	2.7198997546896857	0.04103387513684988
VPS35L	2.715637411573619	0.0054375557184020065
NONHSAT196496.1	2.711218714046804	0.025246197926543246
RPL8	2.702475084875693	0.004122921486223279
TCTN3	2.7000394900089666	0.011678101778288128
NLGN3	2.6950884107312234	0.021599850510839923
UBE2E1	2.6940168756893406	0.010662103932298477
PRKD2	2.69153415241721	0.008798284479052993
NONHSAT254824.1	2.6870597240182206	0.03641540839214557
NONHSAT090262.2	2.683119817700173	0.039550860720250075
ENST00000451997	2.6804213929481957	0.02711709933272954
ENST00000615191	2.6797982292733464	0.014280351843025422
LRRC70	2.6701774097171422	0.032966017338188824
SLC25A39	2.666400242074407	0.0342055248298419
ENST00000301624	2.6653467267225457	0.04560653777778125
MKLN1	2.6647229052651937	0.01271238091488735
PTRH1	2.6641723611611843	0.010740555001931853
ENST00000334376	2.663246410909016	0.04434645449023858
SLAMF8	2.662338771693654	0.03760258335233519
PYM1	2.6595252910607674	0.02464931542228557
NONHSAT107804.2	2.6565436058354748	0.0037017195665127
BCL3	2.6557030572745743	0.04783257765591986
NONHSAT256888.1	2.6513318721059442	0.02166796992789452
NONHSAT225726.1	2.6465694324863747	7.488090495629436e-4
POP5	2.645700921647073	0.02391696942431769
DCAF13	2.6413579341302262	0.019858523999226038
NONHSAT148716.1	2.6396729422731067	0.008902688041178872
NONHSAT076891.2	2.6280116483593545	0.031086193988632455
ENST00000442192	2.626456180054532	0.026688595666145672
SKA2	2.624816984417542	0.02726199748719232
NONHSAT095672.2	2.6225274626936943	0.04989232487494462
NONHSAT144324.2	2.6203938387050365	0.008247956540861716
LIPH	2.619631139602224	0.04925852375017826
CDK18	2.619087378371628	0.015329523087270537
NONHSAT239082.1	2.6170301374699485	0.034677512038455975
HEXA	2.6134980131477357	0.007393099785199263
LAMA4	2.612146270290613	0.0043431028233006565
ZNRF1	2.6108449672626706	0.006415619724425182
RIPOR3	2.6080716570993863	0.04813778935724793
ENST00000436793	2.6054859097102607	0.01649178673169443
XRCC1	2.6050857164269607	0.03670796727655054
CDC14B	2.6048188565769177	0.002163065440948948
NONHSAT198808.1	2.604539128893457	0.03926176416714355
IL10RA	2.6044217037957282	0.020731089660371734
ENST00000615032	2.602674002895655	0.015784428166905617
NONHSAT256273.1	2.5994997281747563	0.00237192809328562
NONHSAT023638.2	2.5990325431690993	0.0032505113183957817
COPE	2.592307242569961	4.0111304702784644e-4
ZNF608	2.5901808309000995	0.03543254315111278
ZNF155	2.5873853937152513	0.0029870497626242297
OGG1	2.5864719296130128	1.642270773107014e-4
NONHSAT194109.1	2.578210472424642	0.01036573923774733
NONHSAT230998.1	2.5769959611132927	0.04125259169788586
DANCR	2.576158414675615	0.0027585417617084856
TARS3	2.5742163141973333	1.86367368393107e-4
NONHSAT097214.2	2.5728425008977163	0.009924541627073286
SPCS2	2.569307474516008	0.01097117488396106
NONHSAT153064.1	2.5678165698881426	0.005325664706522904
NONHSAT153065.1	2.567131848918751	0.017055555753542548
NEDD4L	2.565450708021861	0.008452880503357815
PINLYP	2.564785578344196	0.040314242708228296
PCMT1	2.563557197653282	0.035847071509158904
CD200	2.5616348675752	0.0379967737276434
SSPOP	2.5608824513735344	0.04946252508973125
SNHG20	2.56001734175458	0.011463402536295924
NONHSAT242427.1	2.559751901962776	0.033715560915213647
ASPSCR1	2.549005024244773	0.002806443465963293
FCER1G	2.548369783837679	0.04425715969188578
NONHSAT249188.1	2.547866527418089	0.04492910795030303
MMS22L	2.5475352674908183	0.014547067443976092
NONHSAT253281.1	2.546881398840812	0.045376214980777214
JUP	2.5418992032437444	0.030574572003508427
PLEKHG4	2.5410960245792915	0.02593587944541722
AP5S1	2.5409420226022092	0.026097875953664966
TXNDC2	2.5394312336243914	0.008328415705637348
NONHSAT231480.1	2.536741518732702	0.02662827450565864
WIPF1	2.535686183065929	0.04392310642907617
ADCK5	2.5334923247149144	0.04623731488451302
ZSCAN18	2.531722124020169	0.020332153185592804
AOC3	2.5273295362460826	2.1733446779760847e-4
MID2	2.526621988926825	0.030709779579377587
NONHSAT083184.2	2.523279796506762	0.00897244456191129
NONHSAT168917.1	2.5220008988137437	0.0047946865998869884
CEP152	2.521708903795542	0.02372127124097191
CAMKMT	2.51999897646211	0.013904696719492468
AP4E1	2.518222548689651	0.003944101090567197
LOX	2.517442376670929	0.014492293384322502
CCNL2	2.5148466048156295	0.001459494234766125
GLT8D1	2.51313491066659	0.019410862113899145
DST	2.512332107587875	0.002556017877188521
SIL1	2.502625019107118	0.004366763950745019
CASP8	2.4984567298270774	0.0026542662368194713
TUG1	2.4953616942642376	0.04495168551050138
DUOXA1	2.4943761859163724	0.0358646890018697
AKT1	2.48597330517151	0.02592765990865932
NONHSAT127617.2	2.4851694635827144	0.031130616473110898
BBS1	2.4834881209206836	0.0033828073303552955
ZNF546	2.4817889197795346	0.03625959472044087
TFCP2	2.478180401243334	1.9919612423394367e-4
TMEM123	2.4737408445451026	0.006564226433213272
NONHSAT040226.2	2.473477252509325	0.04851132603643627
ENST00000356371	2.4666762614061977	0.026915399278145517
RPUSD3	2.458279786355531	0.004637253358866328
YTHDF3	2.4552333516981495	0.015132912526105876
WDPCP	2.4487899729149243	0.02324910150646149
INPP4A	2.446255941528328	0.0015145248987848638
CD44	2.445596182197875	0.03329823417183732
SLFN12	2.4451809482283564	0.037919803293528044
KDELR2	2.4370784333752518	0.006766600543736038
CNOT9	2.4368787143064914	0.022222717864793358
COBLL1	2.4345842369879267	0.029856107026419585
CHRNA7	2.43442161561812	0.041794920962193206
NONHSAT229094.1	2.431874270052397	0.045699779372317124
DYNC1I2	2.431492258984955	0.037409309297629936
TSNAXIP1	2.426479942723724	0.028039438278841172
TMEM230	2.4239037265805883	0.03613635863291456
RFNG	2.423590316241253	0.006493822507907754
ABCB8	2.422815935100478	0.01179434174522879
COL11A2	2.421404187178968	0.02589644497528005
SYTL2	2.4206500788262852	0.006178307664918143
CUTA	2.4193714622747673	0.002637054318571509
ZNF570	2.413976929394892	0.0029201724558342674
NONHSAT035471.2	2.4085611097619037	0.020808614350889792
KCMF1	2.399748867519642	0.041807985204205346
ZNF551	2.3985724615506854	5.27514535588089e-4
ATAT1	2.3977288458502617	0.023640680139802556
QRICH2	2.3952100526520947	0.046608868549171185
SYTL2	2.3930794821775945	0.003933381449044943
EPHA4	2.39096602839521	0.0026953998764254754
SNAP47	2.388926137247083	0.016310610383142257
NONHSAT255452.1	2.3845668631023544	0.04965002768868459
DSE	2.384558195369585	0.01476785796586115
HK2-DT	2.381445630637021	0.0016528969567911102
FNBP1	2.3746007039901182	0.022153959333628657
MRPL43	2.374231984528023	0.04036310214141228
WWOX	2.3650955078408455	0.03771203148578512
XRCC4	2.3636768706178652	0.019943891237948347
CYBC1	2.363549829640549	0.03374470107546506
STUB1	2.3617384021998253	0.009717606105180502
DLX5	2.3607777564689356	0.023749219319134124
RELA	2.3559412439530756	0.013000431855554998
EEF1A1	2.3537802780230033	0.0022071305402911684
PSG3	2.3478240419228418	0.035734977123824355
FEZ2	2.34776251538913	0.009770020160663194
PRPSAP2	2.3393142958437787	0.007646491061320019
NONHSAT235339.1	2.338849514038608	0.0228642788066163
ABHD12	2.3378032384949963	0.012199345723035403
RAC1	2.337621657661705	0.024022277333752635
ZNF74	2.3374286642700177	0.04829866313116699
ST7	2.3359226494535426	0.03261125403377137
PURA	2.3248579288090525	0.03264814411360668
HMOX2	2.318864315392553	0.01722255942289261
SH3BGRL	2.317521062411613	0.022014575012012417
PES1	2.3159646892395767	0.019498836219019853
C1orf159	2.3146320306266746	0.021293278705333034
NFATC3	2.314207281902708	0.028979707995590256
CUX1	2.311468512716583	0.0026131969869285757
ENST00000591191	2.3098116816348964	0.03965825484989488
DGUOK-AS1	2.2962945001016486	0.007087923216534807
ZNF559-ZNF177	2.295924639280128	0.01157675139241221
BCL2A1	2.294328925249087	0.03760431413804509
CHD9	2.2906361331967546	0.03002738211663572
SUOX	2.2805325571431365	0.01439885635099494
NONHSAT071780.2	2.2772275694764677	0.043258521026942
NDUFAF6	2.276451687480444	0.03397378026188745
IL1RAP	2.273561788292771	0.01100877618846492
RASSF8	2.2688319679197235	0.005113103657605657
CAPN2	2.267308831549218	0.001403591842164338
SLC12A9	2.2655491620487926	0.01729774230797212
ZNF181	2.2643397722373177	0.03038649449484862
NONHSAT150477.1	2.263588198769351	0.04983506882857415
CYP2F2P	2.2620814086829837	0.02953536717583323
ZGPAT	2.260703456976602	0.022807766610916318
GAS2L3	2.259589515621589	0.0020711882189715777
EPG5	2.2568521842721747	9.333301793624169e-4
NONHSAT255938.1	2.2550562577717748	0.007473854740337114
NONO	2.252147650724397	0.013090070397866397
SMARCD1	2.25044119093801	0.034840270660089684
HVCN1	2.248308295657204	0.021691260334685533
INTS14	2.248225890920848	0.013718538800744714
UBE2J2	2.2399885235817725	0.007561784871119297
APPAT	2.2376274408664725	0.029170751700180214
NONHSAT125810.2	2.235182884544713	0.04535407474471524
PCSK6	2.2331186376501475	0.002444782425867494
NONHSAT195379.1	2.2309762439461873	0.028509670831638852
NONHSAT030909.2	2.229754881668559	0.008769108272303094
PI4KAP2	2.2296358383978987	0.04020895839846623
PHC1	2.2283168630409054	0.027274702003958408
ATF2	2.2275052848048875	0.03963680894466079
MIGA2	2.223630483708965	0.029101025057656278
MCM3	2.2217890594768157	0.00185543927850195
DIDO1	2.219861727845276	0.019156874503478596
STK19	2.2189132706622376	0.026546479828917162
PIP5K1C	2.217706770708259	0.0433436835890302
NONHSAT195765.1	2.2100526922838917	0.023207657726068618
MCRIP1	2.209686267969524	5.153726926150681e-10
MSI1	2.2086951650860316	0.015759892336463827
IFIT1	2.2044406767032942	0.01689340069888914
SELENBP1	2.202833005043113	0.00586838982999646
NONHSAT105561.2	2.1964486658591156	0.008432952200451739
MED29	2.1957401996563433	0.04931790120274494
SSC5D	2.195104032416236	0.03809522198512741
YTHDF3	2.191330907245584	0.011494238003891462
HS6ST1	2.1901276550752202	0.006959368071288981
ZNF702P	2.190087300659301	0.017395717462974695
NONHSAT041455.2	2.1894874470668015	0.0016758400522909993
OBSL1	2.184197237682866	0.004747787841106862
NONHSAT225128.1	2.1806922968942293	0.01778270064245661
XPO1	2.180597427422212	0.00724026070431422
TBL1XR1	2.18052328320381	0.017431854971954736
ARF1	2.1795469316953775	0.029075448498995203
NONHSAT231932.1	2.17945306048465	0.035731911393182075
CEP78	2.175856210341592	0.020137338163395753
RPLP0	2.1746693181250927	0.013628123028845154
RAVER1	2.174075081589392	0.014323892707281087
LZTFL1	2.1725389580058905	0.0037285680647929143
SNORD16	2.171223549960337	0.03565122556904285
TOR1AIP1	2.1694927855938424	0.014182637611554118
PDZK1	2.1683112260160593	0.046162129970557145
MPPED2	2.168089068665575	0.017299545791118434
TARBP2	2.1656833416603885	0.019248805889438066
NONHSAT206776.1	2.164415559611189	0.0469152591337675
ITPK1	2.161609742060791	0.016250142509433338
PRKACB	2.161421073846328	0.012058337736798343
AKT1	2.1600027383140232	3.126294552885635e-4
MAPK8	2.1582232921880706	0.04288882568912146
FMNL1	2.157348775220922	3.577414744535103e-4
TATDN3	2.1559780491657206	0.009311113027606848
STON2	2.1550403732035157	2.740970396507997e-4
CBY1	2.153887976301938	0.037124153805791246
ENST00000414389	2.152549393600736	0.002212069734951928
TMEM62	2.1516816217144377	0.02221522708977373
TREX1	2.1504776185986825	0.0038798139969459847
SPATA13	2.1426697094589633	0.0025594347400030755
PISD	2.141755434808278	0.004987398300022381
CCDC66	2.1397133253092027	0.02024905163139158
ENST00000374728	2.1396426249478977	0.04074692788482458
CFAP20DC	2.1384808935531936	7.434262769512071e-4
ENST00000556740	2.138208565444549	0.03135950530514254
NONHSAT225932.1	2.137908082473304	0.03466824459152722
TES	2.135278473383002	0.028748081112759435
PHF21A	2.132246624811406	0.03432890717884967
STRADB	2.132039405901334	0.013890090461324885
LIG4	2.1279355645633506	0.019981374033825747
FLT3LG	2.12679069647082	0.03582093966269275
ZNF280D	2.119555501200178	0.028862959050180107
DMKN	2.11791760627243	0.022785352659214057
CUEDC2	2.1173341873356826	0.024292466570482847
ANO8	2.1167733452937347	0.02103114615185115
ELP5	2.1164430483267083	0.002588934474283087
CCDC18	2.1107429492972476	0.017643877978320864
POC1B	2.1071174402129813	0.007812785608469446
NONHSAT079317.2	2.1008752244576323	0.017521867591404814
ATOSB	2.1005237679830615	0.026100980175997407
CHRNA9	2.0966402699720694	0.013992235238493281
MVB12A	2.089090763542202	0.010165176777051997
PCDHGC3	2.0889842268474403	0.00608319214723941
SEC31B	2.0800880499261933	0.038223580206468856
PMP22	2.079879184917009	0.02601464379034072
ABI2	2.075528153497072	3.959695480728797e-4
PBX1	2.07530921782557	0.008398176787629436
PRPF40B	2.0690786835006643	0.0010588030464603446
MBNL1	2.0678563724882277	0.03866902852786908
NONHSAT060338.2	2.067051586471969	0.0021421088319150423
FAM219A	2.065477648327397	0.03502660476987431
GLIS2	2.0642637520087552	0.027469862762274273
GTDC1	2.063913513952721	0.03951811748961661
ICAM5	2.059169851934178	0.014734711003711416
RNF10	2.058824138124097	0.010457025695093132
UBE2H	2.0572661044617764	0.009278178539268125
ATRIP	2.054186059874778	0.032543729918089785
NONHSAT257247.1	2.0509135495117765	0.032667285908448335
NONHSAT071967.2	2.05082300195857	0.002549704458793368
TTC19	2.0483776384622674	0.0029422348646869446
ENST00000399774	2.0479067614550215	0.03137297099778751
TOP3A	2.0462220414710917	8.536595105826473e-5
FAM219B	2.0442851290129433	0.012559605127361114
ZC3H11A	2.0441704525888853	0.03313921511722898
NONHSAT142694.2	2.0412631300392396	0.04004956992519081
ATN1	2.0407016255366455	0.04649220135476157
RBM39	2.0371810614717987	0.04433044159874377
ENST00000562493	2.037021571215325	0.049366029457565117
NONHSAT094601.2	2.0351364646437333	0.049182977626036004
WNT9B	2.0324763910306496	0.03181547729914882
VPS35L	2.0279386309258585	0.0011199186142818235
NONHSAT224966.1	2.024218309845827	0.019065821733147338
MIR4435-2HG	2.0215797953525927	0.012955097629546703
ENST00000397171	2.0203608251487233	0.0017223852326921447
PPP2R1B	2.017016502724392	8.596940133702487e-4
NONHSAT229972.1	2.0163504101343817	0.04657730211876846
ST3GAL3	2.0154759411707617	0.01243787523348237
EXOC6B	2.0133158604075816	0.004508485044560586
PLXND1	2.0127226349814773	9.795986988179492e-5
TCOF1	2.0126447943372843	0.04735908741981597
PPIE	2.0114544760635775	0.020964892344165043
RPL7P8	2.009915453147472	0.017647597006657002
SNHG29	2.0095723235840643	0.010655158697990805
TMPRSS15	2.009298162133839	0.04226796094288721
COMMD4	2.0092320367981356	0.02194239599289774
SLC4A2	2.003403300742187	0.022126433934385854
LRSAM1	2.002104404123145	0.005580701185787213
SLC25A19	2.0017421917726064	0.028044438386797137
POLI	2.0002552815536623	0.015877416180834686
CDK5RAP2	1.9955376078443492	0.022640723962781575
FDPS	1.9946283803124774	0.0016447385410593206
NKIRAS2	1.9929455962354115	0.024336430034020255
RUVBL1	1.9923324484399108	0.03696161590299315
FBXO34	1.9917356744249635	0.004170965009751456
ZNF321P	1.9908410399559442	0.020007473254586794
PLXNB2	1.985676633734644	0.03385320705571414
UBXN4	1.984340261917642	0.0031789324933594165
NONHSAT237799.1	1.9841230678563837	0.04681829410487839
DAGLB	1.9818743521056679	0.0139497031760052
CUX1	1.9813366046899998	0.01848390566873261
GYPC	1.9798122410253116	0.041126078187586186
RPS27AP12	1.9762256995255922	0.03608175008690584
NONHSAT071645.2	1.9746258270581716	0.028044415121550266
NONHSAT228387.1	1.9737181182462504	0.037299048880359995
MYO15B	1.9729482301420909	0.046306698934155316
ZMAT4	1.9680854709020688	0.0041950071089510875
ENST00000515359	1.9580031301734235	0.015567357523238316
NONHSAT229060.1	1.9567091733415307	0.047578562153837226
NDUFS7	1.9560624397434647	0.005017984300653999
ARL6IP4	1.9559008732924554	0.02509910211021674
YAP1	1.955808135001627	0.01306614583453796
UBE2J2	1.9550702656190093	0.02624764616048043
PTTG1IP	1.9542835978203008	0.026110731708846507
GCDH	1.9531305447884504	0.032484175040784595
NUMBL	1.9494225564058485	0.04294200805398637
NONHSAT042194.2	1.9491957423778168	0.011804440481118462
DBNL	1.9481162299901431	0.030118928322695634
DES	1.9474036685552447	0.010625141718268803
GALC	1.9433836896384522	0.0412075782772855
ENST00000615112	1.9431351231690457	0.033047797352165995
CIRBP	1.9403749290096537	0.003865870733457941
NONHSAT251051.1	1.940247624728781	0.021677446789712534
WDR46	1.9352156974455528	0.019926249683039934
DENND2D	1.934518753136049	0.024732233675429257
NONHSAT124820.2	1.9344520794516071	0.029395267248308037
NONHSAT042257.2	1.9333946976665055	0.03345127316046798
LINC00844	1.9274517334512467	0.0359531357075234
PCAT14	1.9271889972824003	0.04828038440243525
POLD1	1.9267962721526009	0.022527386678641854
NOSIP	1.92467290537295	0.006329044644509737
POP5	1.9208724977577443	0.02628194455857777
DNMT3A	1.9205746784706785	0.02839626165804384
NONHSAT241347.1	1.9189938241247555	0.005439785320314966
MBTPS1	1.9176688454520916	0.01883009133214539
CD44	1.917339516424983	0.013793364837068667
FBXO4	1.9153384940158473	0.01973150651499331
NONHSAT227661.1	1.9142048361685544	0.03688274549612796
AARSD1	1.9133132292126143	0.011184500236143646
TMEM237	1.9118644122167487	0.00842592209855349
C2CD3	1.9106227411196153	0.02107218557880708
LTA4H	1.9099009939494507	0.038144488851170076
MLH3	1.9057880070990791	0.04261348421984901
PDE4DIP	1.9035918902575932	3.187386877249014e-5
MAPKAP1	1.9024882896049835	0.01810789111145474
ENST00000543538	1.9021862459827292	0.027261229325129952
HTATIP2	1.898079042012321	0.012282737077274217
NONHSAT247987.1	1.8978912912886878	0.004968464886324997
NONHSAT228984.1	1.895342186084723	0.0022841508024852414
ENST00000381108	1.8946776480683893	0.01808209000948523
NSMF	1.893554358994778	0.0012042880023131113
PSEN1	1.8923462737443406	0.00803220524732804
FARP1	1.8908289336495387	0.012664426282991373
NONHSAT173196.1	1.889395366251443	0.032050400180549415
N4BP2L1	1.886862324875315	0.02267456217133027
SNHG11	1.8857666659264332	0.0350703159132309
HSPA8P8	1.8846251125611109	0.0218571397715778
RASAL1	1.8841524556360814	0.007896041209926907
IVD	1.8839039331097829	7.921207212337627e-4
SERPINA5	1.8820273140385042	0.046088669591581616
HNRNPDL	1.8802553357428098	0.027739023060698503
RPH3AL	1.8798984869190027	0.017521974562913614
SCARB2	1.8785302669788562	0.015171159546040473
SH3RF2	1.8778448806620702	0.018420704154390666
NHS	1.8772287574857787	0.03232252724068057
OASL	1.8736759158558196	0.019112425455033274
ZNF816	1.871896840041313	0.023336508183827757
CTNNAL1	1.8685173905140462	0.028090678188196792
ALDH6A1	1.8678591768275432	0.02179914025879928
SPATA7	1.8663114760234434	0.024797109583598657
TVP23C	1.8661879858375445	0.012688834122756558
TKT	1.863865071073483	0.007328621889323579
KIAA1671	1.8626682068951665	0.04675545429749795
POLG	1.8614807678315137	0.03643095744601307
NONHSAT240246.1	1.861036956758211	0.040066544490634036
NONHSAT255007.1	1.8588912529584152	0.02522374101316795
MSTRG.11002.1	1.8584877442409622	0.02682225330562626
QARS1	1.85764640801313	0.029484836577672167
ASCC1	1.857539971548253	0.027530279808709656
NONHSAT256050.1	1.8571328440819683	0.025239032952404487
GTDC1	1.8544556153686789	0.029458936340472048
WDR20	1.8530060803368968	0.02977795215388628
TMEM147-AS1	1.852491174386373	0.023129836405332484
DDX39A	1.852314323699201	0.010361396042808113
ARFGAP2	1.8516799531670156	0.006637449371160595
HES6	1.851332364302957	0.018636550808507037
NONHSAT212227.1	1.8504390323343833	0.041569061736844735
TMEM98	1.84971325218313	0.02339863698788872
DYRK3	1.848379485985516	0.01213787558223137
NONHSAT081123.2	1.8483440715743462	0.003714963654964415
CARD10	1.8482183751632888	0.03539504813504217
MT1A	1.8473615897947222	0.009600724667661445
SEPTIN2	1.8473487333540197	0.013524532044046666
GAA	1.8468649485592525	0.04014716634159611
NONHSAT168537.1	1.8466242039342822	0.011953321859366423
SEC24D	1.8456995002439096	0.005208069837577806
DYNC1I2	1.8425190473632356	0.0050267997554749085
SEC13	1.841785270656998	0.02879257990707573
SPART	1.8382431843584712	0.023890276725421017
PKP4	1.8364696071304576	0.020710448114229552
ENST00000629913	1.836324387472399	0.002036487212631283
KCTD13	1.8349050184773716	7.709197318627524e-4
MTF2	1.8342203733055333	0.03423029125982776
PHC1	1.8325681741041935	0.03108623139884966
THAP6	1.8302136309446555	0.048062917190862406
NONHSAT232997.1	1.8294546187030272	0.03010277748145504
MTCL1	1.8277873633824862	0.034111731448576384
BECN1	1.8267998914341317	0.002146994554119893
ENST00000617933	1.825981248997307	0.011785693574074451
KLHDC4	1.825626601133777	0.02566512071106065
NONHSAT257030.1	1.823785995084369	0.020066758803547514
LYPLA2	1.8227888867896584	0.013935167313123309
JADE1	1.8217225717215726	0.04252640169035953
CASK	1.821007569507833	0.03605038939651401
PAXIP1-AS2	1.8193639436233537	0.013542497619450738
NUP50	1.816121186696136	0.01826373958099971
PREPL	1.8156326609067532	0.00460335037556674
SOGA3	1.8152092708227068	0.044554822343068026
RBSN	1.8150390355863746	0.04999703420643565
SKIC8	1.8147818158996405	0.046974067249959686
NONHSAT172824.1	1.810637246882573	0.0013801003277997873
PON2	1.8093341197540764	0.029741174229380343
SSBP2	1.8091207999013743	0.03199608399278838
MAP3K13	1.8081224239756608	0.01637887733857601
ADAM20P1	1.805963606834498	0.03875303682824442
PABPC1	1.8059350816447017	0.006610842176389902
ITIH5	1.8041148430706435	0.021003940328491726
ARHGEF9	1.8036491687252776	0.04543097704346552
NONHSAT243018.1	1.8029189374529957	0.015573619369925192
NONHSAT183063.1	1.8011681708305805	0.02208139617398194
TMEM164	1.8007898809935614	0.013632853627894029
FAM169A	1.7999225875277052	0.0455700778175601
ZFAT	1.799120841110357	0.04494114550127713
NCAPH	1.7989608767629726	0.04002951998142543
SLX1A	1.7973068967017702	0.02127895936382496
TTC21A	1.792383584338791	0.03487492300082908
CENATAC	1.7898364150720951	0.03202359678396264
NONHSAT166660.1	1.7886847125593028	0.04989683791612234
TAP1	1.7885910460022036	1.5116146834273555e-4
ZNF331	1.7884520875335037	0.013603514245927574
ENST00000383808	1.7875353916265277	0.027058187869599258
AP4E1	1.7863863343573034	0.04963461523766405
SLC35A3	1.7844367956070792	0.029839717799380026
ENST00000611584	1.784037580859525	0.0023285995048696437
C1orf35	1.782679570054349	0.04224707950037485
EIF2AK4	1.7824689912772218	0.03666502499980964
MRPL58	1.7817258273203296	0.039356586530287736
MIB2	1.7795242383670906	0.04957475434203936
FBN1	1.7791559553354521	0.027303979137943624
NONHSAT236817.1	1.777863093906975	0.044310787467870094
NONHSAT139357.2	1.7769737148680675	0.025410896681971853
NONHSAT235199.1	1.7764726775603934	0.039987429122291154
DACT2	1.7730074406270684	0.026388450310252186
NONHSAT258720.1	1.7729843874517308	0.03611187137775612
MAF	1.769885487864021	0.011997639099918946
LIN37	1.763721708843884	0.016628570211295768
CLDN12	1.7630087177812583	4.451896806484572e-4
C3orf62	1.762914336510182	0.017045309465492813
VPS45	1.7625755385848945	0.039556611274296244
TRAF3	1.7620459372398005	0.025789979936347088
HNRNPC	1.7597118071255073	0.0019615923012528094
PCID2	1.7571414610315763	0.04337034083103322
ENST00000552334	1.7566285537903912	0.006692859422670973
MAT2A	1.7523629780121994	0.026162707013720476
TTC17	1.7514700317323855	0.009311040944434744
TAF8	1.7502801112846325	0.016880971434388544
SLC22A3	1.7437547378390683	0.018209222257878462
GABBR1	1.7432195042683087	0.037843515311986244
MRPL49	1.7425716390203423	0.009201105194501872
ARPC1B	1.741748793065119	0.034798625033787126
DRG2	1.7408360316311946	0.01636617176144852
NONHSAT072819.2	1.7403423918366436	0.02574857716188743
RAI1	1.7398519124652478	0.041808019110518624
DKK3	1.7390118503460479	0.005484730126556565
TVP23A	1.737807637763515	0.007409923086575209
RBKS	1.7369941567770488	0.008578318502731686
GRAMD1B	1.7368109423555256	0.019247212645449856
GATAD2A	1.7355974030675723	0.044264038322884156
MCRIP1	1.734440017932496	0.04866750315286642
TFG	1.734374106106603	0.0340447508178792
SNX18P13	1.731902159172031	0.03433003476738391
BLTP2	1.725318030736514	2.2277740860242682e-6
SHKBP1	1.725055151076769	0.03368892918537888
ENST00000545203	1.7249366769630234	0.03656829147009639
MAST2	1.7248994566911866	0.047789113423582316
ENST00000593723	1.7225385996279643	0.011021994456793692
LARP4	1.7208380179708926	7.860560769994065e-4
UBIAD1	1.718609864289594	0.03954305363309973
SLC20A2	1.7149686010447782	0.02015360626287377
NONHSAT102356.2	1.7131710699338631	0.020517440040178577
CSK	1.7115633097340754	0.030601561709372525
SUGP2	1.707582117277363	0.0011054162520892194
ADPRH	1.7063747880191718	0.015171950942637227
RAB3GAP1	1.7048913063214224	0.032779505291091575
GALC	1.7041923022872512	0.03057677818818745
IRF7	1.7025563610622665	0.049327331741127356
BMP2	1.7009805167521246	0.021303130550913686
SRPK1	1.6984931079703076	0.008028195289771924
NOP16	1.6975591197625663	0.029698054121504856
NONHSAT253349.1	1.6966406990996912	0.02398430378988108
CAMTA1	1.6948284970949006	0.02625810319818122
TMEM19	1.6946409473759805	0.015310430091660065
LINC01588	1.6930309990756762	0.037043973816229946
ELP5	1.691367559068286	0.04321518386782524
RAP1B	1.6911188731686568	0.01621833790626124
AMFR	1.6897737088337268	0.010834309909233775
RPS24	1.6892981133466771	0.0016021187113309794
LINC02019	1.6879217069799644	0.030526997752036853
ENST00000490920	1.6878750392444735	0.02340576773261321
TSPAN31	1.6869518745794065	0.0073799658346987
AP1G2	1.6811455649492928	0.008000575269079184
SIRT7	1.6801436854467897	0.004264896481811159
ZNF707	1.677699070141767	0.04845189594311748
KDM7A	1.675859394960459	0.010846577453034294
SLC41A2	1.6728139374188329	0.04785588852559569
ENTPD6	1.6721780170557135	0.004929268776811217
NONHSAT004175.2	1.6721244555378074	0.024479846319082618
SIAH1	1.6713817543569636	0.004685132842799449
CIRBP-AS1	1.6712655550660496	0.022127652293197367
ZSWIM8	1.6709558430124867	0.028048709463529848
ADGRL2	1.6702611506038139	0.00248984975381453
ATP6V1F	1.6699627803663268	0.006478512560018976
NONHSAT240131.1	1.6693071514352573	0.005578127176679874
LINC01630	1.6676088029648224	0.02341196650215414
SNX12	1.6665899588653745	0.019467068450975636
TPM1	1.66630021524696	0.013961517222219616
STK38L	1.664594553064153	0.04882680684347335
SLC25A13	1.6632413449168375	0.001156136941911948
NONHSAT244419.1	1.6629757930146312	0.03979033114416373
PCBP1-AS1	1.662726876467922	0.0486877671161931
ZNF37BP	1.6599389947498444	0.0044905609054703855
PPCS	1.6595422384130127	0.010225651462043298
SLC38A1	1.654574500857166	0.024114041041882448
CMC1	1.6543505993033443	0.034614723501880024
C11orf54	1.6532246279807352	0.004952317554362682
PDIA3	1.6523215765172052	0.026485856713452945
ORC3	1.6512192222221946	0.0457406868364175
TSPAN14	1.6504550835051868	0.03255060337889251
DGUOK-AS1	1.6503882529652345	0.0027586428088025583
DMPK	1.6501673418705824	0.02885753474750487
TUG1	1.649746336652238	0.02076934521560255
CEP57	1.6485111146005091	0.03457046423624867
GFM1	1.647221830112342	0.0026604716940847343
POLD1	1.6437148281173273	0.022171104405214703
SLC27A5	1.640587295185726	0.013081812791746203
NONHSAT102235.2	1.640464121483518	0.04295715684158753
UBA2	1.6391348355312945	0.009971724920622255
SAMD9L	1.6359915204796318	0.028023445352805227
CNIH1	1.635788104633243	0.020424747687751356
NONHSAT227217.1	1.633646379107629	0.03468856516078946
ADD1	1.6333847715355745	0.04573289724429746
NONHSAT138819.2	1.632486920754925	0.039133280898403885
PSMB8-AS1	1.6323948125560115	0.00368978476513728
B3GALNT1	1.6306968890494882	0.03321391682392701
MYO7A	1.6297208418088018	0.04007598114575807
SLC7A6	1.6282398178636224	0.042777640593889416
UQCC1	1.627601805174801	0.017945115870839246
NONHSAT237533.1	1.6259396175115701	0.01553533479756279
AQP2	1.625110565205152	2.002763533401498e-4
NONHSAT092040.2	1.6229230297602513	0.02263571482950721
NONHSAT196555.1	1.6219678735800656	0.014534085719244798
CHD3	1.6213581427865378	0.017495225840096225
ABCB9	1.620855279440434	0.04971305632167
SORD	1.618752831655446	0.04407506120721523
NONHSAT151961.1	1.618510375370548	0.04371417817443318
DNAH14	1.6161616757899473	0.0270822780494824
CREB5	1.6157336357849061	0.045822180452477386
AP1S3	1.6156413477399993	0.04663882620108848
NONHSAT250096.1	1.6139360402168805	0.03559637720490632
ENST00000454407	1.606308226498459	0.03751831410419105
S100A11	1.60503080224686	0.048634273621077924
MRM3	1.6045127902609255	0.012974905716675679
ANKRD18B	1.6024386292117385	0.04155760139463456
CDV3	1.6018370100155641	0.03799110642383173
CHD9	1.6010344889751749	5.981834508168156e-4
BMAL2	1.5986294788138111	0.04192050548331038
ATP5MC1	1.5981900847916375	0.028551430749970207
NONHSAT208175.1	1.598006182789086	0.02345253259759744
FAM133B	1.5922025559170139	0.001552842109405092
GUCY1B1	1.5917803527549694	0.04683433561492881
IL7R	1.5910481982277578	0.025094839036106036
WARS1	1.5859023655325784	0.025192696418500363
SMOC2	1.5853888034826398	0.013142668896548615
NONHSAT027377.2	1.5839835784674232	0.032162673867577214
GPD1L	1.5838716966362454	0.01370227989845574
KRT8P52	1.5836086811273276	0.03072066819951848
PPP4R3A	1.5800855735075026	0.039766582307266464
RNF4	1.5795672418714148	0.03705178179722237
SLIRP	1.5792382707024526	0.032185012201448815
ACOT13	1.5792045478787204	0.04439921606118568
ENST00000639659	1.579151014578219	0.035748290888782494
ARHGAP5	1.5756373271321062	0.02572741106557317
NONHSAT241294.1	1.5740736537856532	0.022233538478327108
NONHSAT235895.1	1.5731865197133605	0.017460436055216463
NONHSAT237179.1	1.571742996887011	0.02645263043299845
PRPF8	1.571414074722074	0.02333395260745868
ADAMTSL4	1.5700640979046567	0.03130688343539641
ENST00000641304	1.5657799701966915	0.044298345064954205
VEGFA	1.5645746114541885	0.0016336858220088375
SLC25A20	1.5645740935564656	0.008182482724537867
SAMD4B	1.5643995657808443	5.358938752583211e-4
ZEB2	1.5603457383458819	0.0258011680346593
NDUFB2	1.5572192050937013	0.030747394536371084
MBD1	1.5566329881268364	0.03518451114287624
MAD1L1	1.5563702544762228	0.0336264970345624
CARD8	1.555828741335599	0.022390062648594538
NEDD1	1.555770657087394	0.0033719605701319822
EMP1	1.5555744262629028	0.02254043035478708
FTX	1.554595486049311	0.014440752245537883
RSPRY1	1.5519404383913995	0.01384580332330097
NONHSAT010538.2	1.550765318152159	2.1508367652608432e-5
USP45	1.5492491287049133	0.044626623219531925
CD81	1.548749121740468	0.007121679576889225
MAPK3	1.547691170461154	0.031902322240603125
ANO2	1.546182843576851	0.03659082454183716
PITPNC1	1.5452207422397255	0.014895788106018066
MTX3	1.5447415002272566	0.03825255480023993
NONHSAT180160.1	1.5444840879288197	0.022219643505526365
ENST00000639129	1.5437312376798542	0.013321279251097494
ENST00000552231	1.540033969132294	0.03329870549532319
INTS3	1.5390792439659862	0.029099368576058923
DUSP14	1.5374780564602022	0.03497678156119229
IQCG	1.5364927507515402	0.035087282286964526
SNRPB	1.5363230145010185	9.028010609037666e-4
NONHSAT152933.1	1.5344327921215193	0.0084838302893009
PTPN2P1	1.534171276719707	0.04772137821448881
PBLD	1.5326073684022088	0.001362020446846639
MRPL20-DT	1.5324733471499397	0.010839556842518448
C1orf159	1.5321091258040853	0.03794293660567055
DENND3	1.53054908229097	0.011221106071126967
HSF1	1.5298869941276962	0.04928660117351141
DNAJC17	1.5286071317800125	0.03872906890147497
CIZ1	1.526577767692397	0.02889940840245132
NONHSAT141813.2	1.52579311527118	0.03293793671507014
SPOP	1.5238767002311395	0.030321203711381195
DHRS11	1.5233838576996437	0.04400715580199871
PTP4A3	1.5202389237255258	0.020148930893895512
RC3H2	1.5194525038009012	0.010589607642890717
CCNA1	1.5182100486135748	0.034861973498151316
NONHSAT247986.1	1.5171061188910948	0.01820481004741731
NONHSAT176359.1	1.5165570017155696	0.04867180156093418
NONHSAT180188.1	1.5158359958050254	0.020114425680653244
FAM184A	1.515830098827462	0.017522582087608863
PRPF18	1.5152741787913167	0.038925167521861315
LGALS8	1.5144134325947651	0.004684916658576577
NCOA7	1.5139249787668665	0.0020962533296799524
SMYD3	1.513644401596297	0.0049653412036395166
SNORD36A	1.513601527941838	0.015561851561141486
ZNF493	1.5134981141288064	0.019890330714203593
PML	1.511318551268719	0.04845955529531489
PHACTR4	1.5105013213176803	0.00920363651075334
SCRN1	1.5097077988658185	0.0131109957978107
NONHSAT079656.2	1.507893539095754	0.035767887715365355
SFXN1	1.506415917641317	0.012102443438245175
TFPI	1.5060792929483602	0.00530344136530201
P2RX1	1.505473538009832	0.04362040702133834
TNC	1.5048890094604352	0.04757501492342778
NONHSAT237755.1	1.5039080625594767	0.014638011721687424
NADSYN1	1.5034167817508188	0.04668016236728383
NONHSAT226164.1	1.4967441724163937	8.709538279649393e-4
PPP6C	1.4956510070049172	0.008297837602652123
ENST00000405342	1.4949551775721504	0.018659049315556578
NONHSAT247985.1	1.494477157594324	0.01429769545355567
NONHSAT151274.1	1.49202939191615	0.047107403170201144
ZNF3	1.4908205985752745	0.015700738773095257
SPIDR	1.4895954933222417	0.03503264809196048
IL32	1.4876268414774463	0.02723855481482763
CES4A	1.4871593742476876	0.02100720768243149
LIN37	1.4861686771997447	0.02327447108248121
CYP17A1	1.4860131030451211	0.034889020399778176
RPP14	1.484238626582961	0.011158087355187566
PRORP	1.4829833577221432	0.029535880403261563
CREM	1.4817619776260726	0.04277233766268616
KCTD9	1.4783472365229042	0.003881029957280754
ATP5PF	1.4760990749610217	0.025231739475036468
RPL9	1.4736898346002378	0.047449321931517414
CCNT1	1.4729996132001262	0.023869753296043517
SSBP1	1.4725527387934594	0.01709199334716332
NUCB1	1.4721121314331143	0.015012713294669638
FAN1	1.4717775121895125	0.025727998899915006
NASP	1.471326970114099	0.038304864267867944
NOL6	1.4708445547314888	0.020899297893982826
TAX1BP1	1.4682241027615155	0.03767053299414569
FN1	1.4671325973218197	0.043295034522776665
ZEB2	1.4657489083891926	0.025502110087583633
SACM1L	1.4648200102947933	0.01133755129112568
NONHSAT232602.1	1.4622491690325583	0.001089668262354376
RPS9	1.4614204535847017	0.020961526602653803
TGIF2	1.4612910566736574	0.018506071386170955
SRSF1	1.4590312404215302	0.049489946411799664
KANSL2	1.4548474840628816	0.020420791403715905
ENST00000432386	1.4538178392456114	0.02462910707470624
NONHSAT236006.1	1.4523998631850163	0.025016938915831614
SNRNP27	1.452107044544174	0.006120644534291586
PCSK6	1.449662826729146	0.03652599393639334
NONHSAT204235.1	1.4460101083499262	0.008393681979384473
ST3GAL1	1.4457558313236334	0.03221310726818046
CUL2	1.4437439644860657	0.018406682646068404
FAM3A	1.443556994878029	0.03593177210410593
ENST00000614498	1.438993960912229	0.03047474339371024
TMEM161B	1.438032793505865	0.026104258264091608
ENSA	1.4373993756810624	0.02896484349205803
HMGA1	1.4357825182593145	0.03606877007418968
SLX1B-SULT1A4	1.4243568347782871	0.021107290701231792
ST6GALNAC6	1.4233389119689503	0.029128780655232115
ENST00000558188	1.4202152231425562	0.036747030673986526
CITED1	1.4186850603438612	0.01568761005275505
EHBP1	1.4173832189014566	0.019844924599232743
DNAJC25-GNG10	1.4169565050803874	9.135829166766913e-4
ZNF227	1.4167838814984035	0.016344129314340067
NUMB	1.4144278381350512	0.013481704138010092
GTF2I	1.4143277892742299	0.012108287171808788
TSKU	1.4139165531330744	0.01662916171502682
NUCB1	1.4138418601395975	0.03701469606535366
ZNF584	1.413809415019001	0.02031159560278561
TCERG1	1.413397568037556	0.0089153067884523
FRMD6	1.4121396628975578	0.037701027929593206
ENST00000373452	1.4115222849298745	0.002257176359970054
NREP	1.4113810164459764	0.04868366290276573
GAL	1.4113193477829185	0.010403204172765136
GNAS	1.4097314007874873	0.012701357665611335
EFCAB7	1.4090108694219858	0.04865261394877221
NONHSAT243369.1	1.4081299891457735	0.0431451951532136
PPFIBP1	1.4062507479822934	0.007660359155564402
LINC01807	1.405264899937653	0.03241384528276562
NDUFAF6	1.404686425471905	0.024582876304549604
ATPAF2	1.4037560801866478	0.048498221194953166
ALKBH6	1.4021566473920866	0.00781698671847398
NONHSAT137304.2	1.4013078914698072	0.041148569530336
PLB1	1.400952990270772	0.0013571720930306338
CEBPG	1.400530327897035	0.03943013960402503
SMYD2	1.399380050379723	0.0027136197241319966
GRIK5	1.3977495242541298	0.02416340615683084
DPRXP3	1.396978013708002	0.046415788400264404
ENST00000542285	1.3962806757114874	0.008687996278128076
RAB3A	1.3947162814619465	0.044073679327209264
AHRR	1.3921867788066737	0.034994433998915726
ENST00000614069	1.3911790127202968	0.044294282405122495
EED	1.3884282975129614	0.049701541849867005
ZNF528	1.3880553362892716	0.04357628932978827
NCOA4	1.3858982116875593	0.03181359671981723
CLASP1	1.3856837224623668	0.008549049348115687
FMNL1	1.3850498981788737	0.03227653958366256
NSD2	1.3849526043675384	0.02814868758773911
AMZ2	1.3842143332302985	0.03115619742313454
ELP5	1.3835538304029007	0.045497776411170414
TENM3	1.3825436571598366	0.02590059102255491
TLK1	1.3809234874543688	0.021705283015807045
HNRNPC	1.3807041806031954	0.025436145007562982
TRIM37	1.3799785945427017	0.03556872266434835
ADPRHL1	1.3767236183439833	0.013065479451314118
AQP2	1.376421141486432	0.0017648168502714995
FANCG	1.375485749090382	0.014059206340491221
GRAMD1A	1.3727038764837802	0.027501852139438995
WDFY3	1.3695820362982398	0.017848748755642303
SNX29	1.368155292570289	0.045550176421458
TCP1	1.366448987037528	5.836990283005225e-6
CDK13	1.3642524427767688	0.019579484571103575
DCTN4	1.361485559708674	0.03956816457961647
CHST11	1.360171670284605	0.020496866352977202
PCYT2	1.3596899083999203	0.048221582949798364
NONHSAT253335.1	1.3594752823384189	0.04860492479827021
MYL12B	1.3578664371584668	0.02162021371372571
RANGAP1	1.3575317697120202	0.014420406258897985
CBLN1	1.3571488292659424	0.046958104813957714
RGS4	1.3548731848172353	0.04477939759680963
NONHSAT123093.2	1.3542301191070134	0.03062650462607831
RPSAP52	1.3518057769866008	0.03931668716686093
GK4P	1.3504731635725191	0.0025213501562995717
CBX3	1.347335238539899	0.028523704599141712
ABCF3	1.3472289910333801	0.04117355804473659
RFC2	1.3463600003335303	0.018209906361459256
TMPO	1.3456613491633453	0.044835862451789915
RPL23AP7	1.3421558760437113	0.024387839175428187
SPG7	1.3414041806345387	0.0417597792075308
ENST00000613049	1.3378733996099728	0.003342334579112628
C12orf29	1.3357666101267487	0.009373041774299245
TDRKH	1.3327233161220176	0.037444844838711334
ALPK2	1.332704824153409	4.4011475188046573e-4
FTSJ1	1.3296563791733809	0.029709034520346025
PACSIN2	1.3289139481524157	0.00571038387137048
GAPDHP35	1.3286771879554016	0.03677734599581872
PAM	1.3266569677173974	0.020967156449836856
INTS9	1.3261064618130323	0.033408408325154244
SGK1	1.3248060087866684	0.046074640815522185
RANGAP1	1.3228901592686235	0.0350494827133472
STRAP	1.32133612554839	0.02780551163275998
ENST00000618496	1.3194343992444255	0.03156944435856735
SEMA6A	1.316626794412038	0.03502563695129042
ATG4A	1.315905376141187	0.013794141485032012
WWC1	1.315381252914297	0.008388039933988322
RBBP6	1.3128213898076913	0.0018322599933137428
DCTD	1.310450732538193	0.03933173879961997
DYNC1I2	1.3089106826496886	0.0059064929252513765
ATP5F1B	1.3083872591668797	0.0017760277372040711
CNPY2	1.3082257502216472	0.001436739720098256
OSBPL5	1.3074211047714865	0.03626079324994496
GPATCH2	1.3063864944482575	0.029212313043297307
ENST00000613795	1.3035235204440432	0.011174210766613157
CMPK2	1.3006080705653906	0.0472947689512096
IWS1	1.298917156474136	0.002006546314663483
ITGAM	1.2987777156603095	0.04943772202952589
CCNK	1.2984924872367793	0.03852427884302802
CDK5RAP2	1.2966573060577262	0.02610653045404003
TNIK	1.2956965640659486	6.855982750124623e-5
FAM219B	1.2946960096143418	0.027155355721522573
MST1R	1.2906772489305134	0.04300929245798534
ARMC6	1.289417495877779	0.04715267668699863
NDE1	1.2864395916079145	0.04989333124143988
ENST00000440195	1.2849383871668036	0.0388041332301147
BSCL2	1.2842652297798898	0.02828879577516146
VAPA	1.2801269521853296	0.04451407415559252
TMEM126B	1.2775072189001822	0.005614608078146886
LDLR	1.2744408872595538	0.034266650058592356
AOPEP	1.2703849717324933	0.021059624328349985
TRAPPC4	1.269378868754811	0.03680157604565514
NTMT1	1.2678933530297551	0.017321550306268182
TMEM185A	1.2657179069248836	0.02333187181160707
NONHSAT220414.1	1.264519801837366	0.0280488342897559
C1RL	1.261018175943098	0.016209366691683182
NONHSAT068370.2	1.2602955497868795	0.04927142539593166
BLOC1S6	1.2596266336413164	0.019384453180957148
DHX57	1.2588417854254002	0.02970492011080415
CREM	1.2568592094703426	0.0035575124948216542
MRO	1.255534100775444	0.004615727282125631
CUX1	1.2544229044737092	0.033968815608940994
ENST00000567078	1.254345810052568	0.049954357248552635
DECR1	1.2523850168954924	0.003879491858983359
PLK2	1.251850633457734	0.035103729960357564
C2orf49-DT	1.2516743594206439	0.0012794982289127512
MFAP3	1.2510350722163017	0.04884537273597349
NONHSAT136839.2	1.2508489881785558	0.024223937010263562
ENST00000622856	1.2481442305601873	0.03202337948526156
AARSD1	1.2473228662849627	0.04627322071099627
NONHSAT116017.2	1.2452121207746776	0.0117112666900889
HSPD1	1.2445481667331981	0.02618244150248624
CDYL	1.2444727488045229	0.006405778509687072
SLC12A8	1.2443192785474928	0.04191336819451612
PRPS2	1.2436142773190122	0.0338173111961315
NUB1	1.2418485424407173	0.010464847126388307
FDX2	1.2411267040600105	0.030428003299626454
NONHSAT209516.1	1.2387196122171833	0.018231540457617695
CCDC25	1.2310031351779247	0.039044039544264414
NONHSAT151796.1	1.229122897708519	0.028298250489334157
MYL5	1.2287364336788449	0.025551884742685303
GNL3	1.2286376225867044	0.028780372884076793
METTL9	1.2261495693097109	0.025752166570639924
TGFBR3	1.225925955232453	0.012851762791445162
FRMD6	1.2250993654300872	4.642667426519408e-4
ENST00000503695	1.2248039266099293	0.027912896284197217
ITSN2	1.22456242989056	0.0010116433179817436
ENST00000525777	1.2245360911424383	0.0460747257325266
RPP40	1.2198042184769502	0.022755122057771193
PPP2R1B	1.2192832866647265	0.00994632009514867
NONHSAT126320.2	1.2177310303858901	0.03950000380319151
PHB2	1.2174205770282072	3.9868544266166175e-6
ENST00000525562	1.2168215563710332	0.03052748495289443
LINC00707	1.216779987358824	0.0018579280791923502
YWHAE	1.2147149688148555	0.03994176030080504
PLXNB2	1.2141996205887704	0.04567550504977535
ANKIB1	1.213831784262246	0.02238697406631095
KCNK13	1.2135972165899993	0.03582966461597698
APRT	1.2120429264648114	0.031139622771943775
GALNT18	1.2116571606102262	0.005830352077237679
NONHSAT252983.1	1.2111477231705856	0.03557103034822825
ROBO1	1.2104818609959995	0.018369003677326277
MCAM	1.209812575901587	0.017829829580107766
MBD6	1.209653675797748	0.039552438996356645
PLD1	1.2080486388414076	0.025104691760205147
PCGF6	1.2050256773810655	0.010358246772356675
NONHSAT200251.1	1.2029476995391848	0.03975562141257478
PCLO	1.2027085491955571	0.04804611569003145
ALPK2	1.2013461605675875	0.022083164025444905
ENST00000492675	1.2004805818263435	0.007531081193865962
PDE4DIP	1.1983313233280837	0.0030389472809067967
PPP4R4	1.1975264692112628	0.032380561969331006
CREM	1.19672479361594	0.04753481961374047
SCARB2	1.1946316841212183	0.007072468567123218
THAP4	1.1931359418282337	0.04148236471809091
ARL17B	1.187948659293086	0.003759656274121508
PHACTR4	1.1870047569254396	0.002369187191106712
SLC4A3	1.186864761871438	0.02382979562052858
RNVU1-18	1.1852139100361192	0.04661356241843166
DNAJC12	1.1846011615071925	0.03531806519674454
ZNF384	1.1845480542992266	0.048606822303733074
USP10	1.179956834751323	0.03588504767265483
SFPQ	1.1796282797784143	0.021141581144249827
TNIK	1.1777108735615087	0.043042679191526635
ABO	1.1768041543519516	0.0338595716694914
MDM2	1.1754529113275607	0.009114854780403005
RNF8	1.1754283568450485	0.04507507754128979
FGF7	1.1740762415524253	0.04247179176300165
NONHSAT125127.2	1.1731521973907113	0.02251858209538831
RSRC1	1.1718915018263638	0.04599935955869231
ARSA	1.1709205936346843	0.0056767897888162795
USP15	1.170510747267685	0.022381142040973075
PBDC1	1.1704482483911656	0.04490920656701056
RASGEF1B	1.1691862400548094	0.01978777878028863
HES4	1.1670281226744315	0.041478541904324706
SLC12A8	1.166427909070037	0.014303407274261885
NREP	1.1660504994918564	0.021351747144602907
BMPR2	1.161958275594362	2.061158257938363e-5
SNRNP70	1.1606672383222774	2.1834469258154757e-4
UBE2D3-AS1	1.160605796453236	0.02755232171884092
SLC12A9	1.1579276400710425	0.0011657124826872298
ENST00000413918	1.154752512702482	0.04509425662214605
SIRT1	1.1537553712940125	0.0069583784772568455
NONHSAT247982.1	1.1519814573413316	0.03570714604373379
PDCD11	1.1510929610778027	0.023571762414558755
GARS1	1.1500067129487674	0.038913726898047146
PLSCR4	1.1479798193546562	0.04646221830405323
CAST	1.147452989076528	0.044399380617637985
LCDR	1.1470263435712615	0.03063811286192558
NONHSAT253137.1	1.1466717237125494	0.03482303156892475
KIFC2	1.1462343735184288	0.031653032222133365
CMC2	1.1460279517658707	0.03814379800994135
ATF2	1.1446081200478437	0.0222833657046262
DUS2	1.1444000223377573	0.030473032031596643
VPS51	1.1442516269984	0.04156305785616879
NONHSAT055308.2	1.1437016992927895	0.01416893997099685
REC8	1.1430016028229066	0.04431416442741565
ZCCHC7	1.1403657962958003	0.01491497055872295
PLK2	1.1391125626164353	0.045603409763106166
KANSL1	1.1366643649623542	0.0026743646726648507
ZNF76	1.1351033729203066	0.03639107840906164
NONHSAT096887.2	1.133904308833264	0.010449093453336446
DNM1L	1.132411680562091	0.015199058890412424
CTBP1	1.132041270623549	0.019547521592005287
KIF21A	1.13021660599972	0.04508178982595297
ANKRD13B	1.1294476781796343	0.03367144652608874
TUBGCP6	1.128675411405608	0.0332598730271401
HK1	1.1282027351286428	0.03463970858292699
DNAJC1	1.128144405609081	0.03294028703097927
SCG5	1.1276694441732515	0.03761525332088634
UPF1	1.1257992939927004	0.04160483259948802
HSD17B4	1.1250433946004732	0.0460797135475663
PNPT1	1.1246778761869058	0.010785975098312754
G6PD	1.123778865430908	0.023149243351653435
ZKSCAN8	1.1218021022411682	0.0023241301400157826
RMC1	1.1202396309098455	0.013326025650496664
USP5	1.1199970718785737	0.019083741245791833
NEBL	1.1191428313341378	0.037833164252586
NR3C1	1.118571081135328	0.04471117416447079
RBM39	1.1185256359321087	0.023465027445172232
ENST00000610778	1.117320707693811	0.03900080740119415
USP11	1.1164189482264746	0.026334580931696126
AEBP2	1.1161626896627472	0.027220001790728088
SELPLG	1.1159965853547578	0.013458773270316127
ERAP1	1.115922728551611	0.01898158930193583
PDLIM5	1.1146228525263688	0.03974432814716764
ZNF620	1.1143587260057493	0.044796782028267146
SETD5	1.1124797291787598	0.04780821956374846
RABL3	1.1114403384380591	0.044160966836908865
COX5A	1.1113554673917267	0.02971711356793524
AGFG1	1.111248410183191	0.03905795570599136
TVP23B	1.1095652610365587	0.02454699927607085
CS	1.1076015472113407	0.04822803320357152
EREG	1.1041484806368425	0.008237582847216674
OSBPL6	1.102978286876812	0.03603665798746157
TRUB2	1.101722626581263	0.020414265087132587
EBAG9	1.101202162834003	0.020177848617698682
PIN4P1	1.1010014584895913	0.030541669785042337
ZNF530	1.1009409258001697	0.02425668322962568
AP5Z1	1.0989579838759789	0.033479302273929576
NONHSAT186402.1	1.0981319692156497	0.04586743341721236
JAK3	1.0977948121872867	0.01705001767006258
APPL2	1.0973911717692189	0.01728790392085796
BECN1	1.0952493836731254	0.03401522974881318
SLC6A6	1.0940120212191236	0.04460751562956857
TKT	1.0928916124659585	0.0020770080249211714
SHISA3	1.0916430650825466	0.04586133930359083
CTNS-AS1	1.088726995592282	0.026941695219455247
ANKRD1	1.0877599551260375	0.026015588707584383
ODF2L	1.086670454864107	0.040125756408837886
SSB	1.0858728057082523	0.03479657622870653
QARS1	1.0848787645172886	0.007804910918028148
BRMS1	1.0802752706123395	0.014568947256972236
MTIF3	1.0781105475680708	0.03672335738328469
ANXA11	1.0780590666305918	8.006369372060045e-4
NONHSAT246302.1	1.0779811510155455	0.013146387505263498
CPNE2	1.0765080856506017	0.037598870697300876
KIF21A	1.0756038944594795	0.044194209832336455
DPP7	1.075476102462686	0.04104284169752076
BLOC1S2	1.0729545481891067	0.03680262379474514
CHCHD7	1.0704409928028757	0.02417315446640439
BTBD6	1.0692934659632831	0.017652604542770733
PPP4C	1.0691091227831888	0.049573795636265995
PRPF39	1.0689329450390355	0.002082646028286271
TPRN	1.0622301886512402	0.038355978871501155
MRFAP1L1	1.0555843731764663	0.04317567544676637
VTI1A	1.0553274260365817	0.047572569157353965
MFN2	1.0544654356782124	0.020291345104700473
NSMCE2	1.0534747451113258	0.04119218588233788
KDM4C	1.0513802766601885	0.012875398750388765
ENST00000565988	1.050361745365109	0.02179102115449838
MCRIP1	1.0494462835980194	8.460387245439064e-5
GALNT1	1.0493827354852834	0.032308438543445776
NFKBIE	1.0486123275114554	0.03530774505068638
IGF1R	1.048499945999572	0.037848793307088166
NONHSAT136254.2	1.047980883352311	0.044984549450640836
ENST00000435000	1.0477721123567647	0.03909094562436545
WNK1	1.0467269453631038	0.010035359560710059
NOVA1	1.0462920399117612	0.036624284896405894
RAPH1	1.0452112322474238	0.039563352646210415
NONHSAT257110.1	1.0433703835627053	0.0423301787911728
DUS1L	1.042547671556375	0.04216301697314687
STARD4	1.0411050377148867	5.501468606151329e-4
PIP4P1	1.0393071786290442	0.04413105570550997
VPS26A	1.0380148480447222	0.02808794124465894
ZMYND8	1.0376946857834093	0.02887558649331033
PLXNA4	1.0374967067392256	0.034300733899148846
CYTH1	1.0365216968620738	0.02826955356529998
NID2	1.0351516985074811	0.011586577400994245
NONHSAT232394.1	1.034376153263579	0.04022092973826013
USP36	1.033200907843705	0.0010306423723100138
NONHSAT213126.1	1.0326764080113016	0.04898071061421973
IMPA2	1.0317393878845222	0.016388688105597436
TBC1D4	1.0306632594035021	0.0035517111994037066
SYN1	1.0306566040458	0.016168585274408554
IPO5	1.0302720938837902	1.225686718362937e-5
NONHSAT087922.2	1.0301017542285216	0.03458478822944104
TNIP1	1.028354216449475	0.04120087751053195
HEXB	1.0267213941379192	0.019288873330390553
ENST00000489954	1.0256111092232183	0.025197261039443135
DLG1	1.0253140966934855	0.035126608930399185
PNPLA6	1.0252420368287594	0.027896877515802637
ZNF217	1.025117133275948	0.006274612869819553
TTN-AS1	1.0237071084889018	0.022522434772857376
ATOSB	1.0230643173495082	0.031782178082964116
WNK1	1.0225901272438476	0.006910771061617595
ST6GALNAC5	1.0204037292621186	0.021306784133921217
WDR46	1.0188242927652371	0.026926766515362906
RGS12	1.016291017226621	0.026239463377437305
PPP6R3	1.0155274851551672	0.009191927629386414
HSPA8	1.014297463930461	0.033133538882887704
BDNF	1.013889244957098	0.0025536170679726685
POLR2B	1.0130881970358125	0.0357099265012176
IFT52	1.0130210794425059	0.023817270054912725
NONHSAT032119.2	1.0127099957374595	0.027715882450111626
PIGG	1.0114027498924743	0.019089459494397127
TRIM69	1.0098548708653405	0.03894083122617972
DHX8	1.008949132179951	0.03574507749879015
SRP9	1.0084946824571002	0.041720190922038436
ZFP90	1.0079848306105852	0.03739750193967889
RPEP4	1.0073372158033806	0.046171612304671414
DCBLD2	1.0066350427076374	2.237188792707507e-4
